bcalvin;Bernard;Calvin;L2-MI;B1;bernard.calvin@gmail.com;06.12.27.97.50;6, rue de Paris;8ca3021d2b247899b6d48c7eceebc98ed0b4dc478646bb914a7234531855f688;1i6677w92vyt4;images_etu/none_pp.jpg
agarcin;Ariana;Garcin;LPI-RIWS;E3;ariana.garcin@gmail.com;06.80.50.39.76;6, rue de Paris;a079719a044aec0e96144e1f6ad61d04215e29510d54fb12d7ac87e03fbc07f6;kt2xiy212f97r;images_etu/none_pp.jpg
cchirac;Chrisitina;Chirac;L3-I;C1;chrisitina.chirac@gmail.com;06.50.43.35.28;6, rue de Paris;84d7ccf36ed1c676ea6bcb057b85e3a823c55d3e02508a0304fa357e1b360281;lj39x7495b9bs;images_etu/none_pp.jpg
mcoty;Marine;Coty;L3-I;C2;marine.coty@gmail.com;06.35.78.83.84;6, rue de Paris;4e35d6be0f6709ebe43ab9497a36d2ba84690d6f03e71010cb1707d4363facd0;pdfar1c934170;images_etu/none_pp.jpg
glebrun;Guy;Lebrun;LPI-RIWS;E2;guy.lebrun@gmail.com;06.10.86.60.10;6, rue de Paris;805e9bb16083d32af3b613375c569b1ec09e955885160f1023a06c55c5686709;0m3147rw54296;images_etu/none_pp.jpg
qdoumer;Quentin;Doumer;L1-MIPI;A2;quentin.doumer@gmail.com;06.26.87.17.73;6, rue de Paris;129b39a400432fe3e77697e20237b0f37e1b206b9d3cfd9bfea8fd7f135b37c0;k31632ql431co;images_etu/none_pp.jpg
qmarsalis;Quentin;Marsalis;L2-MI;B3;quentin.marsalis@gmail.com;06.88.78.15.90;6, rue de Paris;1644b35c910afba1b1189ab0eaa4fed518bd04bde3e6989e84cbe8a1299089c7;v468v69pfy0a7;images_etu/none_pp.jpg
nmacron;Nour;Macron;LP RS;D2;nour.macron@gmail.com;06.70.60.19.19;6, rue de Paris;21da05ce85693240cabb0c47e88b5370650d603c03573afc39d19d3658acd7c0;y9y8ol7533zv8;images_etu/none_pp.jpg
egiscard d'estaing;Emmanuel;Giscard d'Estaing;LP RS;D3;emmanuel.giscard d'estaing@gmail.com;06.88.79.96.82;6, rue de Paris;f5b6669e5092b7912a42fa90d01d7c4c29173b3f9ec29399b56bc52121d885d4;9m57m768mgfxc;images_etu/none_pp.jpg
pserina;Paul;Serina;LP RS;D2;paul.serina@gmail.com;06.53.31.95.44;6, rue de Paris;8d2df765efd9a694b07596a767e69f6244e149cbc1b0ff9aab298f58d7945ff5;x2fsnb2n0j9um;images_etu/none_pp.jpg
mmeyer;Maurice;Meyer;LPI-RIWS;E2;maurice.meyer@gmail.com;06.13.60.15.91;6, rue de Paris;c264df063f8bad544e9684ba8ad7e1b2db7a34696be115c436a3c75c3c8408fa;xku4084q644n0;images_etu/none_pp.jpg
ggainsbourg;Guy;Gainsbourg;L1-MIPI;A2;guy.gainsbourg@gmail.com;06.15.26.96.42;6, rue de Paris;005e60a682bb045d053514f73395cd3db507a884d938c65aeb03059d11d96737;28e12q5nfay76;images_etu/none_pp.jpg
bmillerand;Bruce;Millerand;L3-I;C3;bruce.millerand@gmail.com;06.81.36.40.47;6, rue de Paris;985bee6274296ca76bfe2bd6d97e88d0f27aa70db399c56179afaa9448d85e4a;d2j6zbf00x014;images_etu/none_pp.jpg
mfallieres;Marie;Fallieres;L2-MI;B2;marie.fallieres@gmail.com;06.70.51.11.27;6, rue de Paris;c7bbc4eb7463c185f5ca4cac1a02af0093f27a04d497ea52639315187e2fa4e8;18470h581k869;images_etu/none_pp.jpg
blee;Bruce;Lee;LPI-RIWS;E2;bruce.lee@gmail.com;06.45.39.21.73;6, rue de Paris;878c7c0c38c42dff7c1608d4c90ef900eef1ebe319a9465a22b60acef8841a04;uz03lv5xw54y3;images_etu/none_pp.jpg
qdoumergue;Quentin;Doumergue;L2-MI;B2;quentin.doumergue@gmail.com;06.47.25.37.18;6, rue de Paris;2f7202d12cc55146802d2b0e8d07a52bbd312b63d7a072808595da91d883af54;0lc67g8m2c5mo;images_etu/none_pp.jpg
rdennehy;Robin;Dennehy;L3-I;C3;robin.dennehy@gmail.com;06.32.25.14.99;6, rue de Paris;e4e55fcb29034b4f9103fb602b4f70d5f90e55ddf516dea373803bb2b5440768;bsz19x5mvdd84;images_etu/none_pp.jpg
jlee;Joseph;Lee;L1-MIPI;A1;joseph.lee@gmail.com;06.26.56.56.51;6, rue de Paris;77111afc16dc9ba9fdc6a691da47bc38597bdbd404f23d56853e461c3e52fe9a;hc00276y5xa6e;images_etu/none_pp.jpg
awhittingham;Ariana;Whittingham;L3-I;C3;ariana.whittingham@gmail.com;06.61.84.41.46;6, rue de Paris;12c1f4d0c4dd541b9b5bf996ac0817918d60b28bd08bf6940797802015e7eb1e;kz094668p2qu0;images_etu/none_pp.jpg
rthiers;Robin;Thiers;L1-MIPI;A1;robin.thiers@gmail.com;06.19.98.64.80;6, rue de Paris;7ad28851d610b5898d0c4d83847e77015c41a411c09dfc15efb3a76e8cac7982;bndo442phe535;images_etu/none_pp.jpg
craetz;Caroline;Raetz;LPI-RIWS;E3;caroline.raetz@gmail.com;06.85.36.60.97;6, rue de Paris;cad3db84630c2f71f002df8c2286fbad557b5fc4f047022bf3042ad3417f0787;ml22cxpv7uz14;images_etu/none_pp.jpg
lwhittingham;Louis;Whittingham;L1-MIPI;A1;louis.whittingham@gmail.com;06.24.89.70.68;6, rue de Paris;91929c59c1c9bf2c3c14863976afb70d9cea80d49bb37619be235a279a6eeb1e;466077sblgs4p;images_etu/none_pp.jpg
jdoumergue;Jean;Doumergue;LPI-RIWS;E2;jean.doumergue@gmail.com;06.38.52.44.45;6, rue de Paris;f7dbbcff39fda25766644f7e3f993e0c709260ab239abfc594acbeca1092cc49;845a9ds5z1var;images_etu/none_pp.jpg
mchaplin;Merle;Chaplin;L2-MI;B1;merle.chaplin@gmail.com;06.30.70.10.25;6, rue de Paris;8990b3b6dae869e5290160117b266eff9994b1ea91aae68f034f3a87c47c8f5a;r9pnp20ds0o0w;images_etu/none_pp.jpg
mdeschanel;Markus;Deschanel;LP RS;D3;markus.deschanel@gmail.com;06.30.30.35.97;6, rue de Paris;4ae41ae32120e6f09ffd86a83cd8c7a1b6f48baa33e316cadda9a1d32756b855;unfh3z6514u4w;images_etu/none_pp.jpg
emeyer;Emmanuel;Meyer;L3-I;C2;emmanuel.meyer@gmail.com;06.67.82.51.32;6, rue de Paris;c96d2452e2fc4e4f7ea4aedde98e03e087c10b007f58f5dff0b26d124940a035;d5z1vd77t5i98;images_etu/none_pp.jpg
lraetz;Luis;Raetz;L2-MI;B2;luis.raetz@gmail.com;06.23.43.78.75;6, rue de Paris;deb142415db0568390ccb0b1852edfc34ce16afceb4897b7fa1a47aefe980290;6bv333zh68fuu;images_etu/none_pp.jpg
lfallieres;Louis;Fallieres;LP RS;D3;louis.fallieres@gmail.com;06.37.47.56.39;6, rue de Paris;d7e6224ff5b764dd9b81705eb58b0d7e1ca695878d1f72bd7904695911bf287b;16f6014xw77rn;images_etu/none_pp.jpg
pgarcin;Pablo;Garcin;L1-MIPI;A2;pablo.garcin@gmail.com;06.29.15.14.88;6, rue de Paris;f097cdf8e9f43f3b968c937d6983d9288d038d0f2a2700014ddd115872348183;0b7d9gh6gt7m5;images_etu/none_pp.jpg
ewhittingham;Elene;Whittingham;L3-I;C3;elene.whittingham@gmail.com;06.43.75.53.56;6, rue de Paris;f82595ea2ab3e6e2737704a616cf79297c8ed5856d91335935906e6f85739a19;6xp986s1i8635;images_etu/none_pp.jpg
fdennehy;Florian;Dennehy;LP RS;D2;florian.dennehy@gmail.com;06.55.28.44.95;6, rue de Paris;e6810f54e826ee64566205ac007cbe9d16c0abcc24b108a18116032b77353a96;79bwx59m796n8;images_etu/none_pp.jpg
vlebrun;Victor;Lebrun;L3-I;C1;victor.lebrun@gmail.com;06.32.12.33.98;6, rue de Paris;27ec7c841bfa01b3873defd005f6e429d9a080751f6a3465f33801bfe08385a6;o5veuo70t37q5;images_etu/none_pp.jpg
lhallyday;Luis;Hallyday;LP RS;D3;luis.hallyday@gmail.com;06.30.72.75.16;6, rue de Paris;5df92fce2bbe2a7e8a7ecd4ff567bfe0cc79e4523d1df5a583fe245ee4b4814b;517w887sx7sp6;images_etu/none_pp.jpg
nchaplin;Nathan;Chaplin;L3-I;C1;nathan.chaplin@gmail.com;06.66.96.16.47;6, rue de Paris;4ba392d09f2859af63c9809d6d2caca37990c4b27d0ed8de3540eda28f0f4c92;67il5yg967vq2;images_etu/none_pp.jpg
ebrassens;Elene;Brassens;L3-I;C1;elene.brassens@gmail.com;06.36.69.16.30;6, rue de Paris;46e99423674c33a00dcd012782d9d49f793c61d47577074dc1239ed65cb2bbc8;w1ze29j1qjpp6;images_etu/none_pp.jpg
chollande;Clemence;Hollande;LP RS;D3;clemence.hollande@gmail.com;06.18.35.81.82;6, rue de Paris;20b6712b4495df1a49ecd3923c4877913242f6b4c542cac6cd183b2f85c1514c;vvmm9l5loj3xe;images_etu/none_pp.jpg
cbarrier;Christopher;Barrier;LP RS;D1;christopher.barrier@gmail.com;06.65.10.63.74;6, rue de Paris;f418a6cf612cd9945735078f96095709d9b6acdfc818ec93381d2e7f098a78e3;se3e3b2wteju7;images_etu/none_pp.jpg
mmitterrand;Merle;Mitterrand;L2-MI;B1;merle.mitterrand@gmail.com;06.47.90.52.96;6, rue de Paris;e302aaee0870a34e40e2588fd21bc47c34cc4c517b582b7655f71ca30a78d24e;0430wg9pi0dj7;images_etu/none_pp.jpg
nportal;Nour;Portal;LP RS;D2;nour.portal@gmail.com;06.52.60.14.14;6, rue de Paris;3a19bd6a2950ab83b58cb816c4d2cf01ccca8e97768f6afdef54c90c7d65252e;f53013q74w38j;images_etu/none_pp.jpg
gbazin;Guy;Bazin;LP RS;D3;guy.bazin@gmail.com;06.40.71.41.71;6, rue de Paris;3dabd592d5c991c54902b0b68fb372f5d31987da5fc4653003af1741d714c8c3;j532kk7n364u8;images_etu/none_pp.jpg
mhollande;Martine;Hollande;L3-I;C2;martine.hollande@gmail.com;06.25.55.27.28;6, rue de Paris;50f6b012c03122d9254569e21bba540d6a24fa6ba93ee72d9ca5ff259ea85622;522zafx8c88m9;images_etu/none_pp.jpg
schaplin;Sophie;Chaplin;LP RS;D1;sophie.chaplin@gmail.com;06.13.31.55.25;6, rue de Paris;fb46affbbe518860d3fdd7f0ee51f8bd4a8003cec9e1e64903c2b293453e6116;ub5665p0xu853;images_etu/none_pp.jpg
tcesarini;Thibault;Cesarini;LPI-RIWS;E1;thibault.cesarini@gmail.com;06.35.76.46.90;6, rue de Paris;dc78c2708941973c70c05bbb0481404f7c40818d5360805448e99063911fa2d7;zn5403w0r3c8g;images_etu/none_pp.jpg
mdoumer;Martine;Doumer;L3-I;C3;martine.doumer@gmail.com;06.73.43.54.98;6, rue de Paris;a5afe7383f9f9501fd4f99e40870a9c9b4b3e280f45521260c313394442fe958;mphm7yi2k96m8;images_etu/none_pp.jpg
jdoumergue;Jean;Doumergue;L1-MIPI;A1;jean.doumergue@gmail.com;06.96.35.33.11;6, rue de Paris;cd38c35c18ec2e4d0ed80c610bff0931b25fff2d43d4be88e03cdcf57b53eb39;8l29pbv607511;images_etu/none_pp.jpg
tescobar;Theophane;Escobar;L1-MIPI;A2;theophane.escobar@gmail.com;06.73.43.27.74;6, rue de Paris;40ac5b32ef9e11e730dc1f63924e2272ea2e93301312cd12ef6cb06625970eb7;ww1028208oypn;images_etu/none_pp.jpg
cgainsbourg;Chrisitina;Gainsbourg;LPI-RIWS;E2;chrisitina.gainsbourg@gmail.com;06.49.46.38.63;6, rue de Paris;c4dec3e57f2d99bf715e4e6fd83b07766f836889a88ddbf9b0d4ae612c10c0f1;2hd23q4t91nc4;images_etu/none_pp.jpg
chugo;Clemence;Hugo;L1-MIPI;A3;clemence.hugo@gmail.com;06.26.74.69.54;6, rue de Paris;5a6d6ed58abd64978b3382022ba16c99e5953ef6344ea75032cf0c142666eb50;252v5p8h852ex;images_etu/none_pp.jpg
cpompidou;Claire;Pompidou;L2-MI;B1;claire.pompidou@gmail.com;06.28.95.30.31;6, rue de Paris;7e163b8db2462b47ef477f1b782b74368b975780f26db40a574d0bf561b641b5;8s70129l02jx7;images_etu/none_pp.jpg
bbrassens;Bruce;Brassens;LP RS;D3;bruce.brassens@gmail.com;06.34.51.49.98;6, rue de Paris;80dd27a2f23a4278941f6b3abd3ee4251ac720d04e68ffd9824d2f94f49fb6d3;a69wnv95e5cy2;images_etu/none_pp.jpg
abrassens;Arthur;Brassens;L3-I;C1;arthur.brassens@gmail.com;06.89.82.13.43;6, rue de Paris;fb38b823425e15a3ced4da0172e94ebe57ca0e344c0fbe654a768cc23e555e97;0b7nutt3xr271;images_etu/none_pp.jpg
sgarcin;Serge;Garcin;L2-MI;B1;serge.garcin@gmail.com;06.99.83.70.32;6, rue de Paris;24fd9600d5f9393a40059419337915b42ed83b87443a7222014c00d31eb82ea9;733n84q51qw7q;images_etu/none_pp.jpg
nmarsalis;Nathan;Marsalis;LPI-RIWS;E2;nathan.marsalis@gmail.com;06.49.75.89.15;6, rue de Paris;eea6ffc1ddcd210dcee78b5a274a836d4af65946febd43752e1b0c1fbb4d0e55;54t0a79s62j5w;images_etu/none_pp.jpg
lchaplin;Louis;Chaplin;L2-MI;B1;louis.chaplin@gmail.com;06.50.69.12.12;6, rue de Paris;d7f5dc88b2c3b3d297dd1afb5877fc6d1ec1b078e41e46fe2ee36ca9f81d21c8;61tfpp6n1d0u5;images_etu/none_pp.jpg
nbarrier;Nour;Barrier;L3-I;C3;nour.barrier@gmail.com;06.66.42.29.70;6, rue de Paris;eba259731d07b201ee5ae4600c7807955958df53635e6a5f9a9247f79e53baf1;hidh0g4d93bhy;images_etu/none_pp.jpg
dmoss;Delphine;Moss;LPI-RIWS;E3;delphine.moss@gmail.com;06.42.71.44.76;6, rue de Paris;b8d6ce0356642e825879e9a967fdb8a9b4ac3f7c13a63698ec1da41e3186fea5;hb3bvg9528pvk;images_etu/none_pp.jpg
rpoincare;Remi;Poincare;LP RS;D2;remi.poincare@gmail.com;06.69.26.64.28;6, rue de Paris;bfbd5b88c3bc43eaf1c4f9625283bbe727fac4d30317f13fe9d9847e8e88dcb7;1xoywt261avw8;images_etu/none_pp.jpg
ehallyday;Ellis;Hallyday;L3-I;C2;ellis.hallyday@gmail.com;06.62.56.84.62;6, rue de Paris;3dd8c1515158942c0e225a66a162954be41c2b380d10cc94348248ee16a24f06;w8b14io5tz7eo;images_etu/none_pp.jpg
sportal;Stirling;Portal;L2-MI;B1;stirling.portal@gmail.com;06.13.55.79.74;6, rue de Paris;5cf891262f7dc2c76f074a7bbd56fe21c4c81e4541d4ea08a01336f006d83a5c;4ape9p4jr949e;images_etu/none_pp.jpg
jbourvil;Jose;Bourvil;LPI-RIWS;E1;jose.bourvil@gmail.com;06.91.79.29.19;6, rue de Paris;cda5c860c90dbbe07a0b1433e7e29d08f3cd7371beb263f3488f11366db3db6d;w1w7136b326xl;images_etu/none_pp.jpg
cgainsbourg;Caroline;Gainsbourg;LPI-RIWS;E3;caroline.gainsbourg@gmail.com;06.26.81.60.92;6, rue de Paris;58ff9234298e4d944d1e8764516b5c5a55da0ebe708d921ac6cf77241f3aad31;twyfr9cs4rf0d;images_etu/none_pp.jpg
gmoss;Guy;Moss;L1-MIPI;A3;guy.moss@gmail.com;06.50.90.57.32;6, rue de Paris;27a4858c1bc5d8ed347986b50197a75182cec8c6f9b787b6570151594c284681;6rrd7e1sg3n92;images_etu/none_pp.jpg
mgainsbourg;Marie;Gainsbourg;L1-MIPI;A1;marie.gainsbourg@gmail.com;06.77.81.27.26;6, rue de Paris;52e4cbf5304b8cd1d9e05a14f1c36aafcea340e272198b79488e91b8121309bd;08hljxtx44756;images_etu/none_pp.jpg
vthiers;Valerie;Thiers;L2-MI;B3;valerie.thiers@gmail.com;06.38.37.88.94;6, rue de Paris;dbee61bcf937e0cf4da8062f73727ccfab14bdecb8b460742eca4af67d8dd17e;1p75zo87mu820;images_etu/none_pp.jpg
jhaddad;Jesus;Haddad;L2-MI;B2;jesus.haddad@gmail.com;06.62.14.48.51;6, rue de Paris;a20e0977afd9edc96b36ee2ed1b5b2c72d5329db4aa83fce36097847b66228a7;hm7c74796wwgm;images_etu/none_pp.jpg
jnahon;Joel;Nahon;L3-I;C3;joel.nahon@gmail.com;06.42.65.48.80;6, rue de Paris;eedcee4e7a88b55307e872228f8fffe91a812a972f6f1fb8032b9efbca46c2d8;lcy93u097o380;images_etu/none_pp.jpg
mgarcin;Marie;Garcin;L2-MI;B1;marie.garcin@gmail.com;06.21.92.12.64;6, rue de Paris;27c6aa2d4cc49a9241cfc4c532accffec312500c8aa85ae4df4b0c42b254bf33;2i2utfb195939;images_etu/none_pp.jpg
dsarkozy;Damien;Sarkozy;L3-I;C2;damien.sarkozy@gmail.com;06.57.21.29.50;6, rue de Paris;88580ca81b429524384b67737ca3d445596d518d20275a09486c93b336c59f2f;jy49d9izm961q;images_etu/none_pp.jpg
jdrucker;Jacqueline;Drucker;L3-I;C2;jacqueline.drucker@gmail.com;06.20.21.15.77;6, rue de Paris;92708bd723fa69f87ce40070b5d658eb0e173161faf0b712b17e936298dc24eb;43zq3in760kq7;images_etu/none_pp.jpg
rthiers;Robert;Thiers;LP RS;D3;robert.thiers@gmail.com;06.45.27.95.98;6, rue de Paris;8efd82d5c0a174dedfb3f7fb1ec7b5ce1a991f765e636fb17379702abe777ce3;978nyuh8o825p;images_etu/none_pp.jpg
ncalvet;Nathan;Calvet;L3-I;C2;nathan.calvet@gmail.com;06.87.59.12.12;6, rue de Paris;44e15a5c15f70ac672193d5ae645a307efc7c0ca11d83b5e5872c9ae43712819;q4fvo115s0tg1;images_etu/none_pp.jpg
mbourvil;Merle;Bourvil;L1-MIPI;A1;merle.bourvil@gmail.com;06.48.94.52.17;6, rue de Paris;e44517993f6e642adb2ea848b20248b567551429289dbaea70d5a279e3b5ced0;kw9075z4o47og;images_etu/none_pp.jpg
cprine;Constance;Prine;L1-MIPI;A3;constance.prine@gmail.com;06.85.76.85.70;6, rue de Paris;a0f291fee278c845da9e9a50e80b8d0fae99b0fbac8e17072e483b691a156ea9;ex5w4srm6b460;images_etu/none_pp.jpg
lgiscard d'estaing;Louis;Giscard d'Estaing;L2-MI;B3;louis.giscard d'estaing@gmail.com;06.82.24.29.83;6, rue de Paris;28385574ea33aa0f0927c40ae10ed97f909de64262522e190d262c1041e9a821;8wh8524g61b10;images_etu/none_pp.jpg
hlebrun;Henry;Lebrun;L2-MI;B2;henry.lebrun@gmail.com;06.84.38.70.96;6, rue de Paris;1893d0a13548ce44e8a6f600d6a06d3916d980275a527b95613c80fea3484e6d;296w70e94kzp1;images_etu/none_pp.jpg
hcesarini;Hans;Cesarini;L2-MI;B2;hans.cesarini@gmail.com;06.94.13.92.21;6, rue de Paris;51480b0c87bb8b6cf5759369bdca60c85003c40672fccf5e98e2fab8c8b724d7;942557m6e8zcz;images_etu/none_pp.jpg
aescobar;Ariana;Escobar;LPI-RIWS;E1;ariana.escobar@gmail.com;06.43.35.30.30;6, rue de Paris;a7eb30e6f16b4fca065ad986afbb95001d6859be4f243c6ca11ab8e6ef6297dd;s79w62qwrrlv7;images_etu/none_pp.jpg
smarsalis;Stirling;Marsalis;LP RS;D1;stirling.marsalis@gmail.com;06.88.94.32.92;6, rue de Paris;c0139ec2c13313703abf1ec05fbd879ba0ebbf5a5765c32e239ddcb046beacc2;k5a2ynbfh034w;images_etu/none_pp.jpg
ecalvet;Emmanuel;Calvet;LP RS;D2;emmanuel.calvet@gmail.com;06.77.33.33.89;6, rue de Paris;638b56d1c500573435449b34dbdf5f218a372408ee5b77038c41ee4945aaaa5d;16996bb7222mc;images_etu/none_pp.jpg
cmillerand;Christine;Millerand;LPI-RIWS;E1;christine.millerand@gmail.com;06.88.18.18.13;6, rue de Paris;804ff7020971bcbeb33aed5eee572b83d95f5e7d81312b5a46d456375b8e820c;7d71t911q8i76;images_etu/none_pp.jpg
cpompidou;Clemence;Pompidou;L1-MIPI;A3;clemence.pompidou@gmail.com;06.58.39.38.65;6, rue de Paris;ab37cadf4ba05303390b5416f8d3ef3d2e73089d46b349a811a63cb41a7663d6;1e1urp455f8d2;images_etu/none_pp.jpg
rhugo;Remi;Hugo;LPI-RIWS;E2;remi.hugo@gmail.com;06.78.95.94.94;6, rue de Paris;b1ab59d064aa564dc28d6d591a016fbea6f9cb8ff2bea688a668ce7999e40bba;t6e65n433yxe5;images_etu/none_pp.jpg
aauriol;Arthur;Auriol;LPI-RIWS;E2;arthur.auriol@gmail.com;06.57.67.74.14;6, rue de Paris;693b9d8417a39d39c726b9a13f2647fd17658094dd90ed9d52e564c9501f4b21;2h53611t5v985;images_etu/none_pp.jpg
rcasimir-perier;Remi;Casimir-Perier;LP RS;D2;remi.casimir-perier@gmail.com;06.12.11.64.15;6, rue de Paris;9a409ac99f2049e5f7f0eaefdd05de0949dc493c1b06e3bb6695da8399a3f240;h2lja63gh4qj4;images_etu/none_pp.jpg
cgainsbourg;Charles;Gainsbourg;L2-MI;B1;charles.gainsbourg@gmail.com;06.10.22.71.10;6, rue de Paris;0dd9a4e93e21807031f7e6518ec0a797bf558cca6ae557f7d72a9d7020fff4e1;r112wju33nh55;images_etu/none_pp.jpg
ccalvet;Christopher;Calvet;LP RS;D3;christopher.calvet@gmail.com;06.93.43.27.79;6, rue de Paris;4a2348e97c3739402f969622753c88dd4dbfc0ad1897d5f9766bcd441c5f4128;11l07ze9915rl;images_etu/none_pp.jpg
jbourvil;Joseph;Bourvil;L2-MI;B3;joseph.bourvil@gmail.com;06.52.71.73.42;6, rue de Paris;d775f917754c4890db532183691a5ab9e9cc35133d54465cf29b760b03c1dc9b;831h1jdw687xx;images_etu/none_pp.jpg
pstalter;Pierre;Stalter;L1-MIPI;A3;pierre.stalter@gmail.com;06.50.23.56.85;6, rue de Paris;a729b6824f46d741c5dfefc1597f016cdf9f312f4ae7ce61c38089f40a804c19;9r63i6l51ao40;images_etu/none_pp.jpg
mloubet;Markus;Loubet;LPI-RIWS;E3;markus.loubet@gmail.com;06.63.71.22.69;6, rue de Paris;c54f27517eff4df98240e2ff3325ed5bbd26ddb4f887d246d3114ea281a808b0;138ti0c68j9d0;images_etu/none_pp.jpg
jmarley;Joel;Marley;L2-MI;B1;joel.marley@gmail.com;06.14.99.76.99;6, rue de Paris;6e697fe639c528f3eb2d2d97a1fc207137751d9c757c17f224809f2d27f13694;vv06gasy8qc01;images_etu/none_pp.jpg
nde gaulle;Nathan;de Gaulle;L2-MI;B2;nathan.de gaulle@gmail.com;06.80.70.67.68;6, rue de Paris;8b3cb64b5a42096ef47d192712e0b9ccd2436dec71afa7f87e1808497888c627;5hd03p24m2182;images_etu/none_pp.jpg
jrosny;Jhon;Rosny;L3-I;C1;jhon.rosny@gmail.com;06.29.13.18.47;6, rue de Paris;76ef27fdd7ea6dbdc587e3e90fc6ba91209441f79684c58538fed143d24327e1;31a08g278e582;images_etu/none_pp.jpg
cportal;Charles;Portal;L2-MI;B3;charles.portal@gmail.com;06.50.28.99.62;6, rue de Paris;ad9ee152e1a4f11ebba852fbbece34b57ef00bf93441652c23113661a9169fc3;lo1lp63w60ak6;images_etu/none_pp.jpg
nbenichou;Nicolas;Benichou;LPI-RIWS;E3;nicolas.benichou@gmail.com;06.68.45.75.10;6, rue de Paris;8a5e5a27e5b4b4ac057e7e008ba3522c512274296f03f704f7ef70aea6e2a688;629b4wq7a03p2;images_etu/none_pp.jpg
tgrevy;Theophane;Grevy;L1-MIPI;A3;theophane.grevy@gmail.com;06.88.51.57.98;6, rue de Paris;2c80d69ae2f900bfaa1bccff72c9d31f40c0778772652d1049c1fd1fb76bb8c6;ndpq6d7fv195z;images_etu/none_pp.jpg
smoss;Sophie;Moss;LPI-RIWS;E1;sophie.moss@gmail.com;06.92.14.41.35;6, rue de Paris;0c5bf5ceb7e1ca05527881cf9076403fcdd81054f7a3c35ed788e6dbf9477500;08z558r1my1un;images_etu/none_pp.jpg
ppoincare;Pierre;Poincare;L2-MI;B3;pierre.poincare@gmail.com;06.32.17.76.83;6, rue de Paris;5bb7cbcc78bc06d9ba9f26b7169f5dc44a63fd94cf74af863251f6674a1a3d97;ol8n0ymrpwj4k;images_etu/none_pp.jpg
psepulveda;Peter;Sepulveda;L1-MIPI;A2;peter.sepulveda@gmail.com;06.16.99.94.96;6, rue de Paris;1e75fe4f6cc3df6ec24a77a344d11e37a4d1a2234cfec73e2f2e635b929eae29;cee009m0fka4r;images_etu/none_pp.jpg
ebarrier;Ellis;Barrier;L2-MI;B1;ellis.barrier@gmail.com;06.37.96.73.63;6, rue de Paris;041561f508ec06bf2aa0bb5dc7e3081e113220d4ee384b777c5fc27cfb47f542;g8547fsmr5yra;images_etu/none_pp.jpg
kcalvet;Killian;Calvet;L3-I;C1;killian.calvet@gmail.com;06.63.78.22.82;6, rue de Paris;3f11ba31794d2beb660ee5af462ece88a40a064da3914cdefdec7bedf40655fb;62pv8p8e8bo7k;images_etu/none_pp.jpg
jthiers;Jhon;Thiers;L1-MIPI;A3;jhon.thiers@gmail.com;06.89.89.42.64;6, rue de Paris;d47323eaa0800e41d13a8fa4145f8a08107f9cbfbc5bde143fb3e7f36ca6a7a6;83q27b8ur8zy9;images_etu/none_pp.jpg
kmeyer;Killian;Meyer;L1-MIPI;A2;killian.meyer@gmail.com;06.39.99.66.41;6, rue de Paris;acc170b284c7187105c65f6500bf05979438e5c0b15f020051dfb71aa309f0e5;7nwex4t5sgvad;images_etu/none_pp.jpg
pdrucker;Patrick;Drucker;L3-I;C3;patrick.drucker@gmail.com;06.61.25.76.42;6, rue de Paris;6e24c42b089c6912f305c3f9ba317a7c074f80332105a322ba7d202839e5f2de;819j2uw00g8qt;images_etu/none_pp.jpg
jhallyday;Jacque;Hallyday;L3-I;C2;jacque.hallyday@gmail.com;06.72.29.10.12;6, rue de Paris;3c19666d764297bd1ccd9740ff9627460cf3aa317f008517bcd0d47325b5d6bf;f30hw476rjtps;images_etu/none_pp.jpg
bprine;Benjamin;Prine;L2-MI;B3;benjamin.prine@gmail.com;06.42.70.42.87;6, rue de Paris;e9416bd52e432bb1902cb0530d0b5ec767b9467ad2bbca20b905c64dfd393944;e178tcnm1nodd;images_etu/none_pp.jpg
fmarsalis;Florian;Marsalis;LPI-RIWS;E2;florian.marsalis@gmail.com;06.81.21.32.67;6, rue de Paris;2673c2995a0b573a8af1a716a9c55078384a103d893145e10a157925e782aa3d;ts5njq5e7oam9;images_etu/none_pp.jpg
sde gaulle;Sophie;de Gaulle;LP RS;D3;sophie.de gaulle@gmail.com;06.97.38.93.14;6, rue de Paris;5f5db4c23b95cf4a3f72c6b33661fdd39b79d9cc6842e65c16cae7136d723532;ta0935zcbtcy0;images_etu/none_pp.jpg
fde gaulle;Francois;de Gaulle;L2-MI;B2;francois.de gaulle@gmail.com;06.95.57.13.79;6, rue de Paris;7618d653a881f785495fe2e4dea9007926edfbeee47bfafc314d21314ca3f0b1;59ckm868380p0;images_etu/none_pp.jpg
chollande;Christophe;Hollande;LPI-RIWS;E2;christophe.hollande@gmail.com;06.81.56.77.36;6, rue de Paris;b7d0a93b58a57f793268a7bb51f73c43102f607abac71833f56ce00af905c17a;fe976n6rys80x;images_etu/none_pp.jpg
ddrucker;Damien;Drucker;L1-MIPI;A2;damien.drucker@gmail.com;06.81.57.70.65;6, rue de Paris;6bbebd336ab1f0e27e1aae3099d8788f57fb9d2c40ebb8523486d7b0ce06a6bc;l0i0lobe2b06f;images_etu/none_pp.jpg
ppoincare;Patrick;Poincare;L3-I;C2;patrick.poincare@gmail.com;06.29.44.37.87;6, rue de Paris;9fe2979272577edb50c1214fca74007e16d0228f2f3fe73ee6d18f3625e08cd0;tvo006x5iz73y;images_etu/none_pp.jpg
eloubet;Etienne;Loubet;LP RS;D3;etienne.loubet@gmail.com;06.88.50.95.14;6, rue de Paris;7b0392dec818a76abdd0c78912296154fd926eb32a87a970f04c6409ca1dbe06;5hg0j29xjs31n;images_etu/none_pp.jpg
lgrevy;Louis;Grevy;LP RS;D2;louis.grevy@gmail.com;06.89.95.73.81;6, rue de Paris;5d7910107bc04ee4bb85d78b4145078afcd140bbe924bd750da62964acc43f30;575j44054tugj;images_etu/none_pp.jpg
smillerand;Serge;Millerand;L2-MI;B1;serge.millerand@gmail.com;06.59.10.40.39;6, rue de Paris;0fd981425a3ac7ac0b0d4a0207d4a14ca4c44281de60bdd40606bff635eb1681;o37iqwv4di8ak;images_etu/none_pp.jpg
tcalin;Tiara;Calin;LPI-RIWS;E3;tiara.calin@gmail.com;06.11.13.94.79;6, rue de Paris;b2a5d5a2d4a337e19fce6d709e72ea16d8fc48d9e7fe83d4d809ffcc2c77ec38;lf394s4px0v30;images_etu/none_pp.jpg
gmacron;Guy;Macron;LPI-RIWS;E1;guy.macron@gmail.com;06.85.52.48.90;6, rue de Paris;68f804f215d4c94d299eb0d32a8c89a94d47ca948b424fde3f1e837efd657333;q6fqt5u190n3s;images_etu/none_pp.jpg
clee;Constance;Lee;LP RS;D1;constance.lee@gmail.com;06.53.49.20.89;6, rue de Paris;6ad05b7fe0c11df9e71c96892f3664d2ffcdc91b0d0bf7c4d47356e65ca03aac;391b086vp2z06;images_etu/none_pp.jpg
pstalter;Paul;Stalter;LPI-RIWS;E1;paul.stalter@gmail.com;06.60.40.58.39;6, rue de Paris;ccf1f24befbe001d861971f1bc297c6848039dc70cd0c79869aef9d2d547673b;f67voqi8y203k;images_etu/none_pp.jpg
frosny;Francois;Rosny;L1-MIPI;A2;francois.rosny@gmail.com;06.43.88.15.54;6, rue de Paris;81fc5af3c62932ab73008fca8265c91ad4a0d71ca6f89f6c926379578a808ee5;y538wc8ovzi06;images_etu/none_pp.jpg
mde gaulle;Martin;de Gaulle;L2-MI;B2;martin.de gaulle@gmail.com;06.41.74.52.48;6, rue de Paris;580e2352b5adff2f1ab03d9a2babfe6678192693ae14aa90ba3a36ca50997eaf;8249408k30wgu;images_etu/none_pp.jpg
twilliams;Theophane;Williams;L3-I;C2;theophane.williams@gmail.com;06.73.74.96.43;6, rue de Paris;fca8a97cd171709672347f38f55e3189193c886d7579d4d1e006dcab48b87b62;vp11fxp4a9ng4;images_etu/none_pp.jpg
ccesarini;Caroline;Cesarini;L2-MI;B1;caroline.cesarini@gmail.com;06.62.37.71.96;6, rue de Paris;c1877fffd1f3a75e347b5fdf8c724b1234514d47193fb09a36b9bd03cb9cf1b8;1r92ce3272i0m;images_etu/none_pp.jpg
pdoumer;Paul;Doumer;LP RS;D1;paul.doumer@gmail.com;06.96.98.99.76;6, rue de Paris;3ddf1f84a699c80c77e76b8f319bd5f28bc710bed6a041572946a87c0c2a4bd1;k966974cqh7o1;images_etu/none_pp.jpg
shugo;Serge;Hugo;LP RS;D1;serge.hugo@gmail.com;06.51.68.93.10;6, rue de Paris;5d569b312960ab5ba648e5bdc9c1044aac08fd62853d46db24c0659c224ca3b1;g1bnr8zuy6492;images_etu/none_pp.jpg
mprine;Marine;Prine;LP RS;D2;marine.prine@gmail.com;06.82.64.51.30;6, rue de Paris;81a0b2a260430ee208b8606dcf81fffb57c84679dbb717021b6d97d513215a38;3k0g5p88r6741;images_etu/none_pp.jpg
qmarsalis;Quentin;Marsalis;L2-MI;B2;quentin.marsalis@gmail.com;06.12.15.95.96;6, rue de Paris;a4ee069092d6381e6e512af10b0dde52a68867f5f55d5075e9929252a86747a2;t5gdfev33my08;images_etu/none_pp.jpg
eportal;Ellis;Portal;L1-MIPI;A3;ellis.portal@gmail.com;06.72.87.54.13;6, rue de Paris;2b377416b1ee31f7ac558c4a9113c9b4507f03d2d4bc9504911044139f4a67a2;y3x126rxt56ow;images_etu/none_pp.jpg
pcasimir-perier;Peter;Casimir-Perier;LPI-RIWS;E3;peter.casimir-perier@gmail.com;06.55.79.16.71;6, rue de Paris;ee896346bd891693581553ffb661a9b94e747f29780506a70d4ed930dd84b4c7;39tzk81deaqb1;images_etu/none_pp.jpg
jhollande;Jhon;Hollande;L3-I;C3;jhon.hollande@gmail.com;06.27.70.66.62;6, rue de Paris;098a6f5cf53d8c43be851e3185c87bad6ceed926675788c380c5bf940ffd64a4;o00n9bt03iw5x;images_etu/none_pp.jpg
hdeschanel;Hans;Deschanel;LP RS;D3;hans.deschanel@gmail.com;06.80.47.15.27;6, rue de Paris;88d17a55e9deb88e5c60a8b1d736b83df3a846055f696a8b1b5b0f963656b663;u61kso1j94l3d;images_etu/none_pp.jpg
jloubet;Jesus;Loubet;L1-MIPI;A1;jesus.loubet@gmail.com;06.62.78.62.50;6, rue de Paris;27e1c61a433be8140231b2d1661eda1cf504c1f85e56ece9fd13f7894bbdb7f6;5v93tr052b54h;images_etu/none_pp.jpg
dstalter;Delphine;Stalter;LP RS;D3;delphine.stalter@gmail.com;06.37.78.23.75;6, rue de Paris;e9a7e898307126598b070689278b5bc8b2694f93ccd5c8ec809e25801b5942b3;20kl452qvf218;images_etu/none_pp.jpg
mchirac;Merle;Chirac;LP RS;D2;merle.chirac@gmail.com;06.66.24.83.35;6, rue de Paris;60d95222a50b699a14c2b81c2e59d53ea41bd056c93dd14b5b5a7dda153e819a;6p1p0ijg6fgj4;images_etu/none_pp.jpg
bcalvet;Bernard;Calvet;LP RS;D3;bernard.calvet@gmail.com;06.20.36.89.88;6, rue de Paris;9749721d76478b4b179e82209eacfaa37a5bba6bdf46d2ff7c9bc320f9e3c7a8;o0giq050s7l7l;images_etu/none_pp.jpg
fgrevy;Francois;Grevy;LP RS;D3;francois.grevy@gmail.com;06.27.17.11.38;6, rue de Paris;e4ce0f4e3c8a3477817369c0a64798ab3d2efa36c945aac84bb7abe27c0365a2;v77m5ks5128rm;images_etu/none_pp.jpg
tmeyer;Theophane;Meyer;L2-MI;B2;theophane.meyer@gmail.com;06.36.65.62.70;6, rue de Paris;78e8373f5d43cc9858a85c7e57d6570c30a8df013959db72399fafef0e95b61e;8634d9181ujv7;images_etu/none_pp.jpg
mhaddad;Markus;Haddad;L1-MIPI;A1;markus.haddad@gmail.com;06.51.36.75.56;6, rue de Paris;0db8497f2529b7054372fde150c07b535bef136d1f025b60577a2f4d1e05e5d1;49yur3eluzk5d;images_etu/none_pp.jpg
jthiers;Joseph;Thiers;L3-I;C2;joseph.thiers@gmail.com;06.98.29.15.85;6, rue de Paris;73bc4c8316d4f86056daf403a97485dfa436c5b862f1dc6c292b9312d61663b1;ubdzu86p192ws;images_etu/none_pp.jpg
gdennehy;Georges;Dennehy;LPI-RIWS;E2;georges.dennehy@gmail.com;06.34.62.35.76;6, rue de Paris;ea44b1a7427b62dcc0fc65c246a73a7ea82889757298638131dcc4b1679732e4;6ofvfc3u0zz5c;images_etu/none_pp.jpg
jgrevy;Jacqueline;Grevy;L3-I;C2;jacqueline.grevy@gmail.com;06.17.23.17.60;6, rue de Paris;f5e9f40ac9cbcd5f1d11451079aca6854b4c5659c04409ba11c86f234e198a01;179z76o90g4xc;images_etu/none_pp.jpg
mgiscard d'estaing;Martin;Giscard d'Estaing;LP RS;D1;martin.giscard d'estaing@gmail.com;06.93.71.83.62;6, rue de Paris;d79b7e75bb18cb9a8dbc99030dbb0f12e1f8f73383db84285e3e6e30896ce3a3;9x8e8256212n0;images_etu/none_pp.jpg
rchaplin;Robert;Chaplin;L2-MI;B2;robert.chaplin@gmail.com;06.89.16.47.74;6, rue de Paris;3a375a8a95c8036edc5479a66bde97832264aea69e65dfd53064ab0ba615e580;p9e02p3ac6nvx;images_etu/none_pp.jpg
gdeschanel;Georges;Deschanel;L2-MI;B3;georges.deschanel@gmail.com;06.92.99.59.77;6, rue de Paris;3314b255a5f82b7cf76f8c9262f8fd21a74d85a1f115817468cb838c9abd9d89;1133k44j4h2k2;images_etu/none_pp.jpg
dsepulveda;Diana;Sepulveda;LP RS;D2;diana.sepulveda@gmail.com;06.32.82.85.77;6, rue de Paris;97a0d7dbe7ae9a037ddcc991a0ffddfceae8e73a39023c95ac0f9d3da8b566e4;d2xfnbri9907v;images_etu/none_pp.jpg
bmeyer;Bruce;Meyer;L1-MIPI;A2;bruce.meyer@gmail.com;06.56.64.28.92;6, rue de Paris;ee79f8a006ff6140f0cc20b0730234eb2103f5af4ceacb9fed4684e951231df8;vm6482u8go2n4;images_etu/none_pp.jpg
ngaillard;Nathan;Gaillard;L2-MI;B2;nathan.gaillard@gmail.com;06.31.47.61.54;6, rue de Paris;b7a1703ae99fee2c57f2823f3782b5b72b3f0ea65af9c0d09f38f0d05c25199e;qe8lyz0ve198h;images_etu/none_pp.jpg
nescobar;Nathan;Escobar;LPI-RIWS;E3;nathan.escobar@gmail.com;06.56.30.88.98;6, rue de Paris;6dbda833bf90448fd1a570676d0df8089723c79e38f7e2aac33abaa788b1e8a2;0d4w77i2zao6q;images_etu/none_pp.jpg
mfallieres;Martin;Fallieres;L1-MIPI;A1;martin.fallieres@gmail.com;06.30.77.40.15;6, rue de Paris;5b30fa783adb33667563685c311e2bd679576a9b1ba8c89e8e8fdc0e701fd959;ewsy51fokwpgv;images_etu/none_pp.jpg
hmillerand;Hans;Millerand;LPI-RIWS;E3;hans.millerand@gmail.com;06.63.52.80.41;6, rue de Paris;fa2ddb88ee6ebd4b55f710da4e8a142b23dd0022c6edcd0c33d470c7ebc87dd5;hrzjvgo3977fw;images_etu/none_pp.jpg
rmitterrand;Robin;Mitterrand;L2-MI;B3;robin.mitterrand@gmail.com;06.95.17.47.72;6, rue de Paris;a5e288a981e6b1e389472b2227680722f28847d185ecd427b7341437f713fb17;q52e8j80b406x;images_etu/none_pp.jpg
dcalin;Delphine;Calin;LPI-RIWS;E1;delphine.calin@gmail.com;06.61.75.54.43;6, rue de Paris;e2065eeeeaecf9a31b667983c1f2a272be9fbb3faca474188158def1aeb2e9f6;946d9lx3x1985;images_etu/none_pp.jpg
mescobar;Marie;Escobar;LPI-RIWS;E2;marie.escobar@gmail.com;06.44.84.53.46;6, rue de Paris;79145725ec6530777acf975d3750c25daeb8f1b5699df5e1a451ac33a60d7f5c;wy48hwj18ijr3;images_etu/none_pp.jpg
bcoty;Bernard;Coty;L3-I;C3;bernard.coty@gmail.com;06.71.98.24.15;6, rue de Paris;1e06a91aa45807e091dd961db0fc07dd2ca3ead55eead4ce308ffd97b5c2efd3;n3r29gc81n9o3;images_etu/none_pp.jpg
dmillerand;Diana;Millerand;LP RS;D2;diana.millerand@gmail.com;06.83.73.30.36;6, rue de Paris;66950de1c317c523c591c5c0429e0b08c91bb0057fb5db3355372c37e38a466b;lab0cgru243q8;images_etu/none_pp.jpg
emarley;Etienne;Marley;LP RS;D3;etienne.marley@gmail.com;06.24.60.47.75;6, rue de Paris;d9a116093eb0f1e83fd0bde313e93646f40b8d865922282e90e5fe0d8b908a85;1q1p449cw13rf;images_etu/none_pp.jpg
jfallieres;Jean-Remi;Fallieres;L1-MIPI;A3;jean-remi.fallieres@gmail.com;06.66.51.27.54;6, rue de Paris;4dd53dfce072684ac0d58a67818e3f5a0a337ff5f978c6e921c6330efa9e6075;ix66g17r6p1e8;images_etu/none_pp.jpg
mhallyday;Marie;Hallyday;LPI-RIWS;E2;marie.hallyday@gmail.com;06.90.39.33.70;6, rue de Paris;926446cd6b581c9a7081c2964b971fb1c50eec518714c4bbe2999065f6d3fcef;havc19t743q95;images_etu/none_pp.jpg
cdoumer;Caroline;Doumer;L3-I;C3;caroline.doumer@gmail.com;06.90.37.60.61;6, rue de Paris;6a807b908f53c27d7381b8c53506f2f89c62489f2370dbd2a0a986a58321b14f;373d94d08pdiz;images_etu/none_pp.jpg
fmacron;Francois;Macron;LPI-RIWS;E1;francois.macron@gmail.com;06.67.46.77.87;6, rue de Paris;5adb0ef52354a7884011acc19d792bf19df168dec058c9ef7611ea0cfb6b948f;8guw72064fft8;images_etu/none_pp.jpg
jfaure;Jean-Francois;Faure;L3-I;C1;jean-francois.faure@gmail.com;06.60.20.86.71;6, rue de Paris;c49b64b1ae2bc7aed22d0997631f2972bf54554a757028a111d5f188b58e5d65;6767k6ahnaj2j;images_etu/none_pp.jpg
ghaddad;Guy;Haddad;L3-I;C3;guy.haddad@gmail.com;06.63.58.91.68;6, rue de Paris;1208119a693ffe65704f2eb2c37e149b9c7e6737fe0cf148cc3f4e65f649ad84;p4bdc14na9897;images_etu/none_pp.jpg
cfallieres;Clemence;Fallieres;LPI-RIWS;E3;clemence.fallieres@gmail.com;06.74.85.35.53;6, rue de Paris;f577e03de7ad5b24e0029041f760c083ee9a689c60912eb1d2861e7bef54a59e;298e1o4427xjz;images_etu/none_pp.jpg
tdoumer;Tiara;Doumer;L3-I;C2;tiara.doumer@gmail.com;06.46.64.13.79;6, rue de Paris;dfc9d81c86f6b60664a0576f81300ec25b40d5cb3748a81904ebee8e23c1f006;2ya9g41u9n3np;images_etu/none_pp.jpg
jhugo;Jean;Hugo;L2-MI;B1;jean.hugo@gmail.com;06.44.89.59.29;6, rue de Paris;3f7797d5eeec42ee1139354f316eae715d517a7a74a6cdb0c08ba32ef4725c16;b325742pc7yvl;images_etu/none_pp.jpg
mfallieres;Marine;Fallieres;LP RS;D3;marine.fallieres@gmail.com;06.97.45.32.47;6, rue de Paris;4b22c07445347c69d7ca9047c312d3f6e9545601f3759a3b7fb0d568774ee26d;0maj107ibjq5d;images_etu/none_pp.jpg
jhallyday;Joseph;Hallyday;LP RS;D2;joseph.hallyday@gmail.com;06.42.31.61.62;6, rue de Paris;9049bba9d60fc9e96dd7beb795b2a9ab53a81cfd869033be350d7d98ee418eec;lu43qh537025c;images_etu/none_pp.jpg
ghugo;Georges;Hugo;L1-MIPI;A3;georges.hugo@gmail.com;06.27.26.36.92;6, rue de Paris;1d84b96cc20fe7eb3657fee2b94f74af4965ee5bdf780c17de5a92639da439b1;6u1p939i62nx8;images_etu/none_pp.jpg
fwilliams;Francois;Williams;L2-MI;B2;francois.williams@gmail.com;06.94.66.89.46;6, rue de Paris;d599b3b83d5d61658d218e81943134d0f8e69850bd1c650ecc5a7158b3dcf482;zprb1w01c2533;images_etu/none_pp.jpg
pdrucker;Pierre;Drucker;LP RS;D1;pierre.drucker@gmail.com;06.25.46.92.27;6, rue de Paris;c687e9a45fae6fa6253fd446b2ecf5dfbb9165b1e430721846bccd29b7c60cdf;iksh1c2zcyzei;images_etu/none_pp.jpg
mbenichou;Marie;Benichou;L3-I;C3;marie.benichou@gmail.com;06.93.13.12.83;6, rue de Paris;6f6bc2822ea2afae023f4c097e1a52118c6576b3da26934e5714f7f1b5c64ca6;g15yw24dsvck2;images_etu/none_pp.jpg
gsepulveda;Georges;Sepulveda;LPI-RIWS;E2;georges.sepulveda@gmail.com;06.32.57.81.11;6, rue de Paris;111676dcd1a841cb387f19cdccca37f97a0f9777d754f4fa1e518ed217ff564d;9712mz40y9kj4;images_etu/none_pp.jpg
esarkozy;Elene;Sarkozy;L2-MI;B3;elene.sarkozy@gmail.com;06.16.44.17.23;6, rue de Paris;d0e2f45d5ae27041e6c5b7193bef6f8a34893ec2edeab1b798bbf4476668b050;rbc953nnh08z3;images_etu/none_pp.jpg
abenichou;Ariana;Benichou;L2-MI;B1;ariana.benichou@gmail.com;06.94.16.89.25;6, rue de Paris;56f2d64735779b69ee98f264c208721205c14bc41d191dd12334a23b3947e395;66538j8q90x06;images_etu/none_pp.jpg
shallyday;Sophie;Hallyday;L1-MIPI;A3;sophie.hallyday@gmail.com;06.20.14.78.82;6, rue de Paris;f7720f7c7c003591bfc7969e4dd405ac38628775919fa2e294c6e090e0042145;9ela332363089;images_etu/none_pp.jpg
ecasimir-perier;Elene;Casimir-Perier;L2-MI;B1;elene.casimir-perier@gmail.com;06.29.16.33.78;6, rue de Paris;de03149ed517d84586713884da7b479951264b96d5d8cd601b63474fdaba421c;f05fxyzxn20p4;images_etu/none_pp.jpg
thollande;Tiara;Hollande;LP RS;D2;tiara.hollande@gmail.com;06.76.57.41.58;6, rue de Paris;f6befac1544a679d1332b328688ab36b6e73f00ebddef31e75aca5bd173e5d4a;y9hfm20u44o1g;images_etu/none_pp.jpg
cmarley;Chrisitina;Marley;L3-I;C1;chrisitina.marley@gmail.com;06.57.77.32.76;6, rue de Paris;a022a0dd76401139f794ec46b16dae90e1a3856bc50278763c93159f1b8fb654;nqkmwqvt61c7s;images_etu/none_pp.jpg
pcalvet;Pierre;Calvet;L2-MI;B3;pierre.calvet@gmail.com;06.58.19.11.36;6, rue de Paris;338429d8c2dcf88484fc6afd54a563fd9b4057d4501d1fe8e97defcbfc376d69;6ng0u736w6704;images_etu/none_pp.jpg
rescobar;Robin;Escobar;L3-I;C3;robin.escobar@gmail.com;06.54.91.77.27;6, rue de Paris;bc0dfbed218469c8a3accad5cafa99230fdbc12ae8f8fc12823d30eeb8976fab;68mqux91knxc4;images_etu/none_pp.jpg
hfaure;Henry;Faure;L2-MI;B3;henry.faure@gmail.com;06.59.97.67.54;6, rue de Paris;a2844dbf08e59da7628b7c09cc3b9054f538fbd6d1edbca172be0b5fe7baf79d;r9a771gbo4wfq;images_etu/none_pp.jpg
dmoss;Damien;Moss;LPI-RIWS;E1;damien.moss@gmail.com;06.66.64.25.75;6, rue de Paris;6ff946bef3fa600b14998bf91beff632991fad73a81c0ec5fcd336d85492c72d;z059q278535dq;images_etu/none_pp.jpg
jstalter;Joel;Stalter;L1-MIPI;A3;joel.stalter@gmail.com;06.93.41.42.28;6, rue de Paris;5279dd24b0f40694fbde3d229d3e07a6f22112787403796985a160eedc57e3ff;3j650nma82429;images_etu/none_pp.jpg
chaddad;Caroline;Haddad;L2-MI;B3;caroline.haddad@gmail.com;06.65.98.26.30;6, rue de Paris;03bcb81e73da55820d906a40af65f59d2162e31c5f170709054b5baf896fc9f2;65mmyi92ip8vj;images_etu/none_pp.jpg
hsarkozy;Henry;Sarkozy;L3-I;C2;henry.sarkozy@gmail.com;06.88.59.85.71;6, rue de Paris;244e50f9f993efd97c320c7b7caf0492a5637c6111f59773e26a35fd36cb6f4e;8958x0w8ea9ff;images_etu/none_pp.jpg
cpoincare;Claire;Poincare;LPI-RIWS;E1;claire.poincare@gmail.com;06.23.96.88.42;6, rue de Paris;06b646aadb9e0a11b500010b9be01299bc1a8c44983b7d965db9fd4746d2c25a;voy67q4hji3bx;images_etu/none_pp.jpg
jloubet;Joel;Loubet;LP RS;D2;joel.loubet@gmail.com;06.27.42.15.30;6, rue de Paris;3bdc2298e1f6b6578cd854b8e1cd8508c3d3e88ed709578db0cf69745ce3a1d2;am188so9z41wt;images_etu/none_pp.jpg
ehallyday;Ellis;Hallyday;L2-MI;B2;ellis.hallyday@gmail.com;06.62.96.93.41;6, rue de Paris;2dba3965405d59e22800f003beb0f7ea148c9c0717e6e8033444721aeb1e7960;mp3ku9454x8z6;images_etu/none_pp.jpg
tmacron;Theophane;Macron;L1-MIPI;A1;theophane.macron@gmail.com;06.66.70.98.88;6, rue de Paris;c7b5feadc29b0cfb9cf120271f5dcba19aad673206c1ce088484cdad88d1a8fd;a28p8veu8896a;images_etu/none_pp.jpg
rserina;Robert;Serina;L2-MI;B1;robert.serina@gmail.com;06.93.72.64.70;6, rue de Paris;c8422c1010faf9dada93632bf382933cd226cc2aeacdc6cc93068df99307d299;fwm2786pji922;images_etu/none_pp.jpg
pgiscard d'estaing;Philippe;Giscard d'Estaing;L1-MIPI;A3;philippe.giscard d'estaing@gmail.com;06.16.92.31.20;6, rue de Paris;8a82c33ba71ac39d0ccdca0d43f5fdf5b2efcfb7043dc711c858c6f629a6fdbe;8l8z8rz02z63n;images_etu/none_pp.jpg
nraetz;Nathan;Raetz;LPI-RIWS;E3;nathan.raetz@gmail.com;06.26.35.31.68;6, rue de Paris;b930d4119379cb7417471ef24e8e1741f6d19a8647d9b19fe16c552f758a9e22;6c8n2bx3f4miq;images_etu/none_pp.jpg
mraetz;Maurice;Raetz;L1-MIPI;A1;maurice.raetz@gmail.com;06.94.47.34.71;6, rue de Paris;d7b358d5a4015ee2d9dcbe9472206b665028c61af51319e6f12b19aaea113ce9;aew741u0ism2w;images_etu/none_pp.jpg
lbazin;Louis;Bazin;LPI-RIWS;E3;louis.bazin@gmail.com;06.74.70.26.80;6, rue de Paris;7691e2bb857b0cfe0e3784f8c638b3c8190b9d6cfc27231fd796230eec3695af;z0x9ctkg93860;images_etu/none_pp.jpg
tcalvin;Thibault;Calvin;L3-I;C3;thibault.calvin@gmail.com;06.48.19.26.27;6, rue de Paris;53d8579d9fd9fd78445a6563c400ea7cfffea620b7952f897996c13a148dc3c6;h257dfej3qs2o;images_etu/none_pp.jpg
bmitterrand;Benjamin;Mitterrand;L3-I;C1;benjamin.mitterrand@gmail.com;06.89.15.48.30;6, rue de Paris;ebea974c3e9646913550e7c4441607ccd50ca5b2afe3e143a80cd1d6b5fa50c7;jrjt608hg5w55;images_etu/none_pp.jpg
tfallieres;Thibault;Fallieres;L1-MIPI;A1;thibault.fallieres@gmail.com;06.15.19.19.56;6, rue de Paris;8cbee310196e101eccaf4d6b2a6af5c5ac6cefacabfd6fe331dfccfa7e8255ed;3191w08s69m4a;images_etu/none_pp.jpg
jchirac;Jean-Francois;Chirac;L2-MI;B3;jean-francois.chirac@gmail.com;06.72.72.85.11;6, rue de Paris;0bdf0e2969fe826f26fc25fccf3457df4e064618353886d3fa1b55dc5583d952;v9ps91478xsy3;images_etu/none_pp.jpg
nbazin;Nathan;Bazin;L1-MIPI;A3;nathan.bazin@gmail.com;06.99.70.27.17;6, rue de Paris;b21b68f0ec17c6e78b99eeba1bf06a2793f2b0c1124de63ddda3b1df692fb809;7ka6dvvx112jx;images_etu/none_pp.jpg
mcalvin;Martin;Calvin;L3-I;C3;martin.calvin@gmail.com;06.34.75.53.73;6, rue de Paris;940655ddc74efae27957fb726c30f0992eb5314c7085101ee7c14fb5a950d0f3;gx9xx94tajf9c;images_etu/none_pp.jpg
mfaure;Marie;Faure;L1-MIPI;A1;marie.faure@gmail.com;06.60.39.15.33;6, rue de Paris;37cfa45dd14c0d142d23e53b00a694a7eb10c55e4fcea12381304f87b07cabcf;04gm527wqdh6a;images_etu/none_pp.jpg
dlebrun;Diana;Lebrun;LPI-RIWS;E1;diana.lebrun@gmail.com;06.38.14.95.21;6, rue de Paris;aa58f852e2dad4eb9cc0130d82bf06b476317b39e0f65fbfc1d932eefb9ec869;oinw4c6lt7ya6;images_etu/none_pp.jpg
dwhittingham;Diana;Whittingham;L1-MIPI;A2;diana.whittingham@gmail.com;06.84.57.69.71;6, rue de Paris;cd7ce9b4696ea6060d72c976c22744dead5233a3f0fa2f4a2b429892ac48e1d5;69v21giqm3n4p;images_etu/none_pp.jpg
hcalvet;Hans;Calvet;LPI-RIWS;E2;hans.calvet@gmail.com;06.79.58.26.63;6, rue de Paris;68a7b5f3c3a72dd03de03a90ded6363ef3109753d0b10a8eb8f1d079c1a7811d;1jdl0sxyl23hq;images_etu/none_pp.jpg
pdennehy;Pierre;Dennehy;L2-MI;B3;pierre.dennehy@gmail.com;06.50.62.13.50;6, rue de Paris;742b421810ec301165f70420e7179654e00ee846e41a662c2262d454d04287c5;6gkdq3qc4q14a;images_etu/none_pp.jpg
nstalter;Nour;Stalter;L1-MIPI;A2;nour.stalter@gmail.com;06.46.52.65.38;6, rue de Paris;05cb0097af98127e0ffbf637cc6c0a4cbdc9a23f3273cc3403a2f7b8cd97e7b3;vxx1wp71u1cue;images_etu/none_pp.jpg
jmillerand;Jesus;Millerand;LPI-RIWS;E3;jesus.millerand@gmail.com;06.45.55.68.89;6, rue de Paris;abd3aaa6353f62859795266adacbeca9bd2009a2c35ce75747132d7915dc6488;yd536880vq4n9;images_etu/none_pp.jpg
pchaplin;Philippe;Chaplin;LP RS;D1;philippe.chaplin@gmail.com;06.29.26.64.89;6, rue de Paris;30eb696d1ad7202a7e3762a6a84fc7348cf9fca8c5dba60d6d5b1ca6531f7ae8;4i1obq3fzt9m9;images_etu/none_pp.jpg
tnahon;Thibault;Nahon;LP RS;D2;thibault.nahon@gmail.com;06.11.41.55.39;6, rue de Paris;6a67bfd0249a3f92a9402ef0c329d62a481725c4d2091a617bccbe0097190cb0;39uzt82496j9h;images_etu/none_pp.jpg
hserina;Hans;Serina;L1-MIPI;A1;hans.serina@gmail.com;06.74.11.17.12;6, rue de Paris;9c16bd1651ef97bfc54406b4522df3e2d683ec746f0bf3413e7ad9ae35a4d5b7;d6q584mg0gjus;images_etu/none_pp.jpg
gbrassens;Gilbert;Brassens;L3-I;C2;gilbert.brassens@gmail.com;06.18.53.53.53;6, rue de Paris;5bfdf61be6071ab8ffad11d85fab7dbc6b1c69110bbd48c1e0096ab65243af21;527ckq875r77s;images_etu/none_pp.jpg
achirac;Arthur;Chirac;L2-MI;B3;arthur.chirac@gmail.com;06.54.50.99.25;6, rue de Paris;9cf12e888634c851bdf6f5d8e77dfbd7df0a8cab71fd853e8468dd8380aec7f7;gqvjriby7f555;images_etu/none_pp.jpg
mraetz;Martine;Raetz;LPI-RIWS;E1;martine.raetz@gmail.com;06.41.50.43.57;6, rue de Paris;192bf41598f263335add69d0dc118a5226a470ff7c122c3f264643d1e471cb9d;1263b8jd873c9;images_etu/none_pp.jpg
jportal;Jose;Portal;LPI-RIWS;E1;jose.portal@gmail.com;06.74.22.60.73;6, rue de Paris;1f8d3327f51bd0f7a24683373d0ed34bd50aa2d668137e69ba1fa5d35221d75e;2mqy3911ff2f9;images_etu/none_pp.jpg
achaplin;Ariana;Chaplin;LPI-RIWS;E1;ariana.chaplin@gmail.com;06.64.99.72.17;6, rue de Paris;514e6ce16721a62eb1b62e65aafc726a4cbcf3a51ff97e21305dbcb2bef0fb10;8t8kxfo84bvif;images_etu/none_pp.jpg
cwilliams;Claire;Williams;L3-I;C1;claire.williams@gmail.com;06.60.39.62.26;6, rue de Paris;f7fa4cc2725d971294d990e3b698e9c6aac850cf7e52202b3ce362b0d8fc99b0;du03gyy547q41;images_etu/none_pp.jpg
jwhittingham;Joseph;Whittingham;L3-I;C2;joseph.whittingham@gmail.com;06.31.26.89.60;6, rue de Paris;1b036198da3fa865c3dca8f783480046c56c7b4ada5948868b90d2c51f57493b;a2c1329z96v3w;images_etu/none_pp.jpg
vauriol;Victor;Auriol;L3-I;C1;victor.auriol@gmail.com;06.49.80.68.64;6, rue de Paris;cabd9f971e109edf0068a5e9bb4cf2ede6d0c79af44fd844d0cd036a54165abf;azw5q43fx0lur;images_etu/none_pp.jpg
emeyer;Ellis;Meyer;LP RS;D2;ellis.meyer@gmail.com;06.25.82.54.73;6, rue de Paris;8f0e41bfbf10d3918db8ee8791e35857e4c4c84b62ae4f800f23e72633d3514d;3d2u59ei10dm1;images_etu/none_pp.jpg
bbenichou;Benjamin;Benichou;L1-MIPI;A2;benjamin.benichou@gmail.com;06.35.14.22.65;6, rue de Paris;32f655725977d0f941989548ebb956d787066e3ebd9a3ddee2cbc02ecc749ae4;932xm9pt08h7u;images_etu/none_pp.jpg
fcalin;Francois;Calin;L3-I;C3;francois.calin@gmail.com;06.23.16.64.16;6, rue de Paris;ca59dd06af05c00cb3cc753492d9476612d5fe451395e86edc6f3754e9b8e8c7;9b39p10e26n6u;images_etu/none_pp.jpg
rmillerand;Remi;Millerand;L3-I;C3;remi.millerand@gmail.com;06.32.84.44.75;6, rue de Paris;fe8977df7a9cf3e2a19158aea881022be52f10ea0d7a5fc230936ba4856d0ace;un6unl145y510;images_etu/none_pp.jpg
tgarcin;Thimote;Garcin;LPI-RIWS;E1;thimote.garcin@gmail.com;06.44.46.12.52;6, rue de Paris;f1e65f199f9191b51e44f837c869bb324a94fe3508ba78772f71b176009172d3;4pl25blnlk9nx;images_etu/none_pp.jpg
dbourvil;Delphine;Bourvil;L1-MIPI;A2;delphine.bourvil@gmail.com;06.70.17.63.95;6, rue de Paris;96acdc714e1ec1e0e111cc4ce0f38f2f5aa25f0b5a0e06d9e30eeb96da64ade2;o2809z260z6pu;images_etu/none_pp.jpg
tmacron;Thimote;Macron;L1-MIPI;A3;thimote.macron@gmail.com;06.84.62.99.67;6, rue de Paris;1f66c85c8641b1e8d79ae4413ac7e999c61812dd91d07bbcce1b92d67d5b7652;mdqh5av5t214n;images_etu/none_pp.jpg
ccesarini;Constance;Cesarini;LP RS;D1;constance.cesarini@gmail.com;06.54.11.72.65;6, rue de Paris;ba181d962bdbe4a3bd8018e4c7443240c93e32a2bc09aaed00659ae08f17b069;j6hh2b73dtg38;images_etu/none_pp.jpg
jdoumergue;Jean-Francois;Doumergue;LP RS;D2;jean-francois.doumergue@gmail.com;06.74.29.98.89;6, rue de Paris;a4d423093a5ac92589f9978ca3c6a5a1f31b09a0eeba339075bf0ccd9266c13a;kn6t756t3y32c;images_etu/none_pp.jpg
jdeschanel;Jesus;Deschanel;L2-MI;B3;jesus.deschanel@gmail.com;06.91.28.56.62;6, rue de Paris;fc7df940f21a43de9ba07d0b8f8b876106daa4dbf1f91930fe5e163bbc913146;o5z358o34t666;images_etu/none_pp.jpg
mnahon;Maurice;Nahon;L2-MI;B1;maurice.nahon@gmail.com;06.84.13.48.87;6, rue de Paris;751c7f042415487da67ef4cbd63caa81e4f142ceb572b2bd192870dd3552b01c;js4kklz67b1gq;images_etu/none_pp.jpg
cfaure;Constance;Faure;LPI-RIWS;E1;constance.faure@gmail.com;06.13.70.41.71;6, rue de Paris;0f8ae7b0bb1fb4420b983d0a4f180e61480ecc8e4152568c29fc8457fcb07be2;e799yxrxj43g7;images_etu/none_pp.jpg
tmarley;Thibault;Marley;L2-MI;B3;thibault.marley@gmail.com;06.43.96.78.72;6, rue de Paris;a8fa5e5a9291899d04db8a96e0476eccf6cb0bb0a0aee2be860bd9d351ec9919;k476u38scbg27;images_etu/none_pp.jpg
cgrevy;Charles;Grevy;L1-MIPI;A3;charles.grevy@gmail.com;06.35.22.33.72;6, rue de Paris;20dd311fcb506e5be7ffd483419cb9da26a8c0b63a5df4a6312a68f0bc9898eb;7cdlktipygv3p;images_etu/none_pp.jpg
jcesarini;Jose;Cesarini;LP RS;D1;jose.cesarini@gmail.com;06.50.72.95.35;6, rue de Paris;f76b7229950e152c4c794d433688cbcfea90cd4a0372af4669e7429ef3e8726f;beqp0fdejvcck;images_etu/none_pp.jpg
mloubet;Martin;Loubet;L3-I;C3;martin.loubet@gmail.com;06.27.27.73.97;6, rue de Paris;413e088ecd14eb9fb900aa88fca707a8062579848eef847949449159b8ab9ad1;4pt85qi0x5g1o;images_etu/none_pp.jpg
tbrassens;Tiara;Brassens;LP RS;D2;tiara.brassens@gmail.com;06.96.56.20.39;6, rue de Paris;170ef2bdc95cbdf5e1d81612127ee2b819cf6dcabf64ed6d37b5af8ef06909f6;v3b9q59b4fg29;images_etu/none_pp.jpg
mbrassens;Martin;Brassens;L2-MI;B1;martin.brassens@gmail.com;06.88.70.45.14;6, rue de Paris;a24cc9ea343a13bf14d7a35aa3dbea6bf24ffd3a686c3c3db2b15363f3dde2fb;4820129u3r0x1;images_etu/none_pp.jpg
jsarkozy;Jhon;Sarkozy;LP RS;D2;jhon.sarkozy@gmail.com;06.28.65.91.46;6, rue de Paris;339e9123e0ab2b1dc8e3765c486a077109ac0b5d262ef21f06db5c541a3e0170;wc9m8qi13r13x;images_etu/none_pp.jpg
ghugo;Georges;Hugo;LPI-RIWS;E3;georges.hugo@gmail.com;06.98.91.10.73;6, rue de Paris;6a73a5b60c894f47e63469f2813f6503fca4afeb579915e030b26c1d0c2af540;3c0894qs94fny;images_etu/none_pp.jpg
ploubet;Pierre;Loubet;L1-MIPI;A3;pierre.loubet@gmail.com;06.61.52.67.19;6, rue de Paris;ff06061d46adb06ea914953483ca3138580e98849513ad94b7e73acd006c35ff;da30779550470;images_etu/none_pp.jpg
flebrun;Francois;Lebrun;LPI-RIWS;E2;francois.lebrun@gmail.com;06.20.19.64.87;6, rue de Paris;77f1afa9e65f7b460e62ddd3913a245b3a2815ef8acc0dd35480ccdb0d6542a5;62w058lj0s644;images_etu/none_pp.jpg
bstalter;Bob;Stalter;L2-MI;B3;bob.stalter@gmail.com;06.70.70.67.47;6, rue de Paris;f41b9657e4e26ac23c35ff308a21df94bd6cf6145fdaba010602866aefbfe957;mww0598djkh2b;images_etu/none_pp.jpg
egrevy;Emmanuel;Grevy;L3-I;C2;emmanuel.grevy@gmail.com;06.18.63.20.87;6, rue de Paris;bd66c8ed66f8a51b4c09d4f7653bbb441040e39815b44e26111d726560bad07d;c63u5tl53tdo0;images_etu/none_pp.jpg
mescobar;Markus;Escobar;L3-I;C1;markus.escobar@gmail.com;06.30.66.81.53;6, rue de Paris;38e6d164a76cbff6f1aba15fe3fd66a476fbb56fa838a21b4104aa7c404fbbb7;d1081199173co;images_etu/none_pp.jpg
rserina;Robert;Serina;LP RS;D3;robert.serina@gmail.com;06.42.80.61.69;6, rue de Paris;17f3f3d315b276bef7655c34bff3133d8d33d8a4fae15b5b3b72614b15039538;oa5pt40ydg6l4;images_etu/none_pp.jpg
acalvet;Ariana;Calvet;L1-MIPI;A3;ariana.calvet@gmail.com;06.84.36.26.52;6, rue de Paris;3b0f28511bbf1389914768c04d3c9450dbf62bd2d9ae675e428fcd179ffb2e5c;al7k13f37x9s9;images_etu/none_pp.jpg
mwilliams;Martin;Williams;L2-MI;B3;martin.williams@gmail.com;06.62.66.40.32;6, rue de Paris;346a5cf342f64dc8de75fb75257c875ecd2957a956b093c9196f033dcc501b6b;243546v9gpl14;images_etu/none_pp.jpg
ncalvin;Nathan;Calvin;LP RS;D2;nathan.calvin@gmail.com;06.88.25.38.85;6, rue de Paris;220907712eb3810320ca803d0930d9bc3003acf3e7ffe8a6fccb55458c8c5b7f;7tp8qu26fad0l;images_etu/none_pp.jpg
tsarkozy;Thimote;Sarkozy;LP RS;D2;thimote.sarkozy@gmail.com;06.81.30.10.17;6, rue de Paris;08987c2ab898dea47df53958d1f39aaa21ce9ceefd20a8a9ee0f3c3b0373d4a7;327wz9hi540wa;images_etu/none_pp.jpg
jthiers;Jean-Francois;Thiers;L2-MI;B2;jean-francois.thiers@gmail.com;06.20.92.96.17;6, rue de Paris;e9d19a992f543313878fc5c56d357cd4048f571cfb48edef26e4d65bb4cf7077;tb1x09g5l0pe9;images_etu/none_pp.jpg
bbenichou;Benjamin;Benichou;LP RS;D3;benjamin.benichou@gmail.com;06.66.41.93.29;6, rue de Paris;bec2c37860252abeaf9f66476df1f2c9d2817f349985721fc660f94586336ee7;mst5t686q888f;images_etu/none_pp.jpg
enahon;Ellis;Nahon;L2-MI;B1;ellis.nahon@gmail.com;06.54.67.66.95;6, rue de Paris;759fede3b6015dfac9ddad993d43011c974260d4c464766674505d119e00d724;d6r762um0l408;images_etu/none_pp.jpg
phollande;Pablo;Hollande;L3-I;C3;pablo.hollande@gmail.com;06.58.99.47.25;6, rue de Paris;bb58e9993d18b26db070e3e5d6a07f8240ab11c3d349e6653f0da1e4eca06c61;hn3w41u8c2za9;images_etu/none_pp.jpg
jpoincare;Jesus;Poincare;LP RS;D1;jesus.poincare@gmail.com;06.70.37.60.19;6, rue de Paris;2d85982c50f25faff7f4d745c7d28ff72a48a2a92f104ac7e0f5de7e3f7769f6;2mlf9fggw4t83;images_etu/none_pp.jpg
cgainsbourg;Christine;Gainsbourg;L3-I;C1;christine.gainsbourg@gmail.com;06.10.44.73.29;6, rue de Paris;2bace4d5ae5754c4d0914cb29b8ad539422ce3291faa0226281cfcf4d9d388e8;n71zl7n7zq249;images_etu/none_pp.jpg
edrucker;Emmanuel;Drucker;LPI-RIWS;E1;emmanuel.drucker@gmail.com;06.16.81.88.19;6, rue de Paris;cac188647114a727a1a060963814a982aec46145371733472614b6addf453333;84xj402pk9ggm;images_etu/none_pp.jpg
cfaure;Clemence;Faure;LPI-RIWS;E2;clemence.faure@gmail.com;06.98.90.84.88;6, rue de Paris;aee7bcfeed464de8451b1d6581f0f08056238d409820ade45a1c36f97b0d2b8c;8uxn8vkpy507r;images_etu/none_pp.jpg
achaplin;Arthur;Chaplin;L2-MI;B2;arthur.chaplin@gmail.com;06.60.32.26.22;6, rue de Paris;d55b3958c62ac64c32cd0e25feffbf40ad619477baa1497e1fa2eec8f794a7b6;ft03b5271ti8e;images_etu/none_pp.jpg
lmitterrand;Louis;Mitterrand;LPI-RIWS;E3;louis.mitterrand@gmail.com;06.42.55.68.81;6, rue de Paris;7ced0caf772040d9934fc015dbaf80ae7f82ee18bab90fac98dbda23a28a5133;x566c75xarzq7;images_etu/none_pp.jpg
sbenichou;Sophie;Benichou;LP RS;D2;sophie.benichou@gmail.com;06.49.82.66.91;6, rue de Paris;e678194e842d443524bcfb1d5d58f6c6fc1888e90ca67ae0422d12cbde9f68c2;1868l13059fs4;images_etu/none_pp.jpg
jhaddad;Jacqueline;Haddad;LPI-RIWS;E3;jacqueline.haddad@gmail.com;06.32.97.42.27;6, rue de Paris;6e4586663441be1777f4ef299c67d4069caaf2a9d2db1ac46873716ccab9dae5;wulmoi238o845;images_etu/none_pp.jpg
dgarcin;Damien;Garcin;LPI-RIWS;E2;damien.garcin@gmail.com;06.31.45.25.71;6, rue de Paris;39500a5805edf7a24b91a64999513ea7880ec9d49f0459ae2db37ee9a100c94b;hlcpfjyi9548o;images_etu/none_pp.jpg
rhollande;Remi;Hollande;L1-MIPI;A2;remi.hollande@gmail.com;06.39.70.50.41;6, rue de Paris;2f10e6229c944a901abf68d25134879abb4cf2058924ad47be00335f42e3e309;5953upt77p5s1;images_etu/none_pp.jpg
mgarcin;Maurice;Garcin;LP RS;D3;maurice.garcin@gmail.com;06.82.85.75.27;6, rue de Paris;67be0178c97ab5e3fbca882bbc1cbd88a2a675bba1fbdf468a0972309ce99e20;4448ojx4sj15h;images_etu/none_pp.jpg
bbenichou;Benjamin;Benichou;L1-MIPI;A2;benjamin.benichou@gmail.com;06.66.80.43.50;6, rue de Paris;4adab5f84135398ad379fcefba0f398fdb5976c830d4be41e8e610fc0d8cb5cc;le3rfnx37va71;images_etu/none_pp.jpg
bcoty;Bernard;Coty;LPI-RIWS;E2;bernard.coty@gmail.com;06.45.90.92.42;6, rue de Paris;ea3119c53539f21fc3a23aa9007c319932588d620c98dba23ed9328a03dcf61a;o21au6vta2j5y;images_etu/none_pp.jpg
jauriol;Jean-Francois;Auriol;L1-MIPI;A1;jean-francois.auriol@gmail.com;06.93.55.64.67;6, rue de Paris;feb7f8d45d46a3cecd2221c38d90015a48486f56b9305af9426db25bce13c2cb;x47v1e8344223;images_etu/none_pp.jpg
phollande;Pablo;Hollande;L3-I;C1;pablo.hollande@gmail.com;06.54.23.86.28;6, rue de Paris;e3d3ed6924d2a303f55b7f09e409f76c4252082acc237c10103068e68ac0c175;rtq2lr3benvh2;images_etu/none_pp.jpg
jcalvin;Jesus;Calvin;LP RS;D3;jesus.calvin@gmail.com;06.58.17.24.98;6, rue de Paris;c87d22b1c50703bf293ae68742613ae5bf2c50bcad670320e5b62ff6b156fdb3;9stu07v05f4w9;images_etu/none_pp.jpg
bcalvin;Benjamin;Calvin;L3-I;C3;benjamin.calvin@gmail.com;06.22.34.83.45;6, rue de Paris;9f6b74d9b41ae296b173114c3c2df15a087f22a758b2b16c5cf1b6d282f07ee6;fxxd4485xo672;images_etu/none_pp.jpg
bhugo;Benjamin;Hugo;L1-MIPI;A3;benjamin.hugo@gmail.com;06.89.16.43.89;6, rue de Paris;9fe7e1f7abadc8ddc3e7d842613f4e7758a40c626c54a9c24a7c01807c773b56;n710314nou4a8;images_etu/none_pp.jpg
jmacron;Jean-Remi;Macron;LP RS;D1;jean-remi.macron@gmail.com;06.17.58.38.72;6, rue de Paris;ad441294d0edb33e4cebc43f56beb4bb6be9a35f0939bd0f8a3744d853ecedeb;r3gg64ac7256x;images_etu/none_pp.jpg
cauriol;Claire;Auriol;L1-MIPI;A3;claire.auriol@gmail.com;06.87.44.83.82;6, rue de Paris;91b5e78137e54c041b27a398db2ed4386d19e1dec2a9b4a1ea5b079e85d70b50;08um014cwczc6;images_etu/none_pp.jpg
jmillerand;Jacque;Millerand;L3-I;C1;jacque.millerand@gmail.com;06.68.29.26.55;6, rue de Paris;74966f7b297826545a23baa27f83b3ff637145dd84817efb22443afca9a3d074;zwoyp75hshigk;images_etu/none_pp.jpg
ecoty;Eden;Coty;L1-MIPI;A2;eden.coty@gmail.com;06.89.69.15.42;6, rue de Paris;7e8fae5b35721a0df47b7d27abe909aeb5cd721438a06d275c37d230034c1d20;10vk4h5549v22;images_etu/none_pp.jpg
clee;Constance;Lee;L2-MI;B1;constance.lee@gmail.com;06.29.48.89.39;6, rue de Paris;2bd5b14fe09161a9c5a6e3eccd867bb6ff2523165abf3447ff0da2c7fc16d71e;19efdvgj92ybb;images_etu/none_pp.jpg
hescobar;Hans;Escobar;LP RS;D3;hans.escobar@gmail.com;06.13.43.22.90;6, rue de Paris;d45702915f66a8df6a4fdc7d41f25a9cc09b1ed05712f2bd7f07c596f8f6c9ef;7ykcf1vwi280w;images_etu/none_pp.jpg
ppoincare;Pablo;Poincare;L3-I;C1;pablo.poincare@gmail.com;06.21.36.74.83;6, rue de Paris;4a88b25689674a63a3f50b41794bbd2238c1a186894cc455f8dd1bf6defe519d;m885y91d598pw;images_etu/none_pp.jpg
mgarcin;Marine;Garcin;L3-I;C1;marine.garcin@gmail.com;06.21.48.65.99;6, rue de Paris;8a9c1f312e6408150a0b1977c22f17cac72b31e8506fc554150287a34b75efd8;1f59t6i092w0k;images_etu/none_pp.jpg
tcasimir-perier;Thimote;Casimir-Perier;LP RS;D1;thimote.casimir-perier@gmail.com;06.13.13.23.61;6, rue de Paris;6e082d910c8aed57a65581dd1348cd8dd43f8824e1935c8c0e30c58e4a23e6bc;d18n201peja31;images_etu/none_pp.jpg
lgiscard d'estaing;Louis;Giscard d'Estaing;LP RS;D2;louis.giscard d'estaing@gmail.com;06.90.62.37.61;6, rue de Paris;d272087799c9f8755d75ba3b976710d247ee4cff878a90e5d3f61197f9b10683;2pdhf80uxnvkr;images_etu/none_pp.jpg
hgaillard;Hans;Gaillard;L1-MIPI;A1;hans.gaillard@gmail.com;06.56.55.64.95;6, rue de Paris;1b567ee6357e31863bebc4cd658a63249521e8f5f9c02184a689e5bf6b8a3fd0;5fu13ckpm9c7y;images_etu/none_pp.jpg
jfaure;Jean-Francois;Faure;L2-MI;B3;jean-francois.faure@gmail.com;06.84.33.86.50;6, rue de Paris;34edd8abe1150e768583da406710cd8c205e41151bfc644e2d1966764803ef6f;mmqyf5tw6p78f;images_etu/none_pp.jpg
fmoss;Florian;Moss;L1-MIPI;A2;florian.moss@gmail.com;06.96.10.13.73;6, rue de Paris;38d4fe565ea964ae62b8ac0426bd62c3f75241c210199a3b6f88cb7033d4980c;c4cd1911u36cf;images_etu/none_pp.jpg
tsarkozy;Tiara;Sarkozy;LP RS;D2;tiara.sarkozy@gmail.com;06.53.72.95.32;6, rue de Paris;a63a88b2788c03525c328f3d81bfb8c3b2b8dfae8abaad6e3f35f304e53ea35a;331qfu54bb7c1;images_etu/none_pp.jpg
jfaure;Jacque;Faure;L1-MIPI;A1;jacque.faure@gmail.com;06.14.91.61.97;6, rue de Paris;2e1930fdf788a1581908cb063a2238f8a76b85bd8147bbc2206aae798b3fb67f;9h38b5x9oc49f;images_etu/none_pp.jpg
jbenichou;Jean;Benichou;L2-MI;B1;jean.benichou@gmail.com;06.23.49.87.63;6, rue de Paris;8023d5fbed39fc242d974997dc26e12cfafc7220883a47d78f94133e9658fe72;3knvg89hw439h;images_etu/none_pp.jpg
jprine;Jean-Remi;Prine;LP RS;D3;jean-remi.prine@gmail.com;06.71.20.54.95;6, rue de Paris;bcae82be88b2b6fa2b4050e97cd4a670eb8160c4452f68a844852627e1e3b0ed;w2aik9vhjho36;images_etu/none_pp.jpg
aserina;Ariana;Serina;L3-I;C2;ariana.serina@gmail.com;06.28.39.26.28;6, rue de Paris;38cacc4634b861a7747beb8ca210d294cb9242e289bbcdddbb90a74db88834f4;i4h619q3y710u;images_etu/none_pp.jpg
efallieres;Eden;Fallieres;L1-MIPI;A2;eden.fallieres@gmail.com;06.73.75.93.87;6, rue de Paris;4dfa30345627b3ff069b1058dba19b7b92651c3751098198349a3413fbc5eb88;cofwiz1d59xda;images_etu/none_pp.jpg
sdrucker;Stirling;Drucker;LP RS;D3;stirling.drucker@gmail.com;06.45.42.55.24;6, rue de Paris;06d9fe7092b371331d5aa48808b24c70b9187aad14599dbccf76e78c810e93c0;840p6sr43x1rx;images_etu/none_pp.jpg
jmarsalis;Jean;Marsalis;LPI-RIWS;E3;jean.marsalis@gmail.com;06.97.89.56.78;6, rue de Paris;72cf99bf65d1e47dffd80788f0756b68b81562c88ab5fc0bdbb762ab870cbafa;c08ic4l67xlu9;images_etu/none_pp.jpg
csepulveda;Clemence;Sepulveda;L2-MI;B1;clemence.sepulveda@gmail.com;06.87.51.70.22;6, rue de Paris;0acb36a63ca051a5c4350d5fd646d96556aa769d9b3cab319db8fc01e7629704;c32434z29ljf7;images_etu/none_pp.jpg
vdoumergue;Valerie;Doumergue;LP RS;D2;valerie.doumergue@gmail.com;06.28.91.57.31;6, rue de Paris;57fcdc0790eca71db55afea108196fdd1a11c412b9043a962dbbdad992dd4d7c;z5eyx29879lub;images_etu/none_pp.jpg
pdoumergue;Patrick;Doumergue;LPI-RIWS;E1;patrick.doumergue@gmail.com;06.46.89.80.81;6, rue de Paris;5d4b52616cb59b3d4d72f21c16fcdeda46a8802b37b9e65cbf02ea375c6bd9a3;7m85isjvi8rvi;images_etu/none_pp.jpg
cdoumer;Christophe;Doumer;LP RS;D2;christophe.doumer@gmail.com;06.20.56.39.58;6, rue de Paris;023b935f0866354e92fdab1272ce2a1b137a59453ea9942bfc69b786d05b304c;i1hy4d6k5x231;images_etu/none_pp.jpg
pmillerand;Pierre;Millerand;LP RS;D3;pierre.millerand@gmail.com;06.98.29.81.90;6, rue de Paris;84ed5e493766d4f837686795de237736d013b2340b77ac928cdc4fc3a8a713dc;7b3l8gh33005v;images_etu/none_pp.jpg
pescobar;Philippe;Escobar;L2-MI;B3;philippe.escobar@gmail.com;06.73.32.41.36;6, rue de Paris;1acb35429c1fbb701788a3f288d081da4c4c2657327e6abacc3a277aa9c98dfe;pt9q49m5765f0;images_etu/none_pp.jpg
jhallyday;Joseph;Hallyday;L1-MIPI;A3;joseph.hallyday@gmail.com;06.59.91.95.23;6, rue de Paris;6153511bb80d9882587267b36b58fcd6009ce8f9b3051fe599370e848a852f53;4g83cjy721n2z;images_etu/none_pp.jpg
pcalvet;Pablo;Calvet;L1-MIPI;A1;pablo.calvet@gmail.com;06.39.72.87.99;6, rue de Paris;b7762e226610a8512ff51a312fb5ba1ccd49730a67714eed3377dec09884616f;a1y4537z4hl82;images_etu/none_pp.jpg
vde gaulle;Valerie;de Gaulle;LP RS;D2;valerie.de gaulle@gmail.com;06.70.46.30.28;6, rue de Paris;a6d2d9092273b485af64a34f89959cd55eb49a54f762c407fae487eaef726568;g6o62q2g7txep;images_etu/none_pp.jpg
aloubet;Ariana;Loubet;L3-I;C3;ariana.loubet@gmail.com;06.83.52.39.38;6, rue de Paris;22c6d32a5da05ed4b7f31febab56c9ca836fb5effa272c41f6f8418f34f39287;kep5m9yt446g8;images_etu/none_pp.jpg
pmarley;Pablo;Marley;LPI-RIWS;E3;pablo.marley@gmail.com;06.99.27.10.44;6, rue de Paris;ad078b5464cad4b60cf06ad50580ce03d2c6cfe1c6e7e0a82195cc08140955f9;v98wkvyqna3wi;images_etu/none_pp.jpg
ccalvet;Claire;Calvet;LP RS;D2;claire.calvet@gmail.com;06.25.64.79.44;6, rue de Paris;d73e830a9e26c7681af73d57882ee6306efa0cec8b07133165a482a345efeac2;o84129cn68p3d;images_etu/none_pp.jpg
ncesarini;Nathan;Cesarini;L2-MI;B3;nathan.cesarini@gmail.com;06.67.38.17.88;6, rue de Paris;9c977cdb34c74ac79c4acebc992179c81364e25661d15abcc3ebcaf9c479e067;fkkx9yd59kg75;images_etu/none_pp.jpg
dstalter;Damien;Stalter;LP RS;D2;damien.stalter@gmail.com;06.74.32.92.34;6, rue de Paris;0079f1a6c47a50b292d854dfb9b543e5f3801823a1c9cd04a1ed819736a36c93;5p8d8of59ohy7;images_etu/none_pp.jpg
cmitterrand;Christopher;Mitterrand;L1-MIPI;A3;christopher.mitterrand@gmail.com;06.89.23.30.49;6, rue de Paris;1a9e2b9a9d5fb3286d0255a39af8ce401bf4a1b98c0f5352aa66571ac3b4dc6a;747m48ee3t1j5;images_etu/none_pp.jpg
cdrucker;Constance;Drucker;L3-I;C2;constance.drucker@gmail.com;06.35.83.36.82;6, rue de Paris;b977d0e15c9dd71d8d0292d117d6c9040e9a52d72c2080a7babeb184bf6d314d;9502uyuk71792;images_etu/none_pp.jpg
jbenichou;Joel;Benichou;L1-MIPI;A2;joel.benichou@gmail.com;06.77.28.43.90;6, rue de Paris;f41497ddaadac734fb729eac3ac417f34af5a6a89a293e5919b3452e29887257;l72893w28v077;images_etu/none_pp.jpg
cmarley;Claire;Marley;LP RS;D2;claire.marley@gmail.com;06.90.37.86.16;6, rue de Paris;043c098d1d6f15f0c5933cbf28da4bfe3d567b81423bdea5a1d7449482366ba0;88123g3yym35d;images_etu/none_pp.jpg
aloubet;Ariana;Loubet;L2-MI;B3;ariana.loubet@gmail.com;06.71.45.65.61;6, rue de Paris;cbdf2fb27fc81c7b8a01d076d79828853e5d09fd1de7460a1aa82b0b8b220266;5jphokk2ag73u;images_etu/none_pp.jpg
ncurtis;Nicolas;Curtis;LP RS;D1;nicolas.curtis@gmail.com;06.79.76.35.78;6, rue de Paris;0b5e508fe1283363c43282621b60e69198dfe9f239d16a45c0696c6c2675c547;xcfvz117l3upx;images_etu/none_pp.jpg
lcalvet;Luis;Calvet;LPI-RIWS;E3;luis.calvet@gmail.com;06.33.80.21.67;6, rue de Paris;0c3bf61c5d92b773e5106eb78ae8c63cb1c42ae8f1c28f8f4ded19cc1bd2fb2a;pj546k25m2pr3;images_etu/none_pp.jpg
pgainsbourg;Philippe;Gainsbourg;L1-MIPI;A1;philippe.gainsbourg@gmail.com;06.99.84.36.57;6, rue de Paris;2ddd3c50806c29745c56e6a00fa0254ab9e365d7965bf6e38eca65bc6cf5623f;pv90ys5v9tv7g;images_etu/none_pp.jpg
qcarnot;Quentin;Carnot;L2-MI;B3;quentin.carnot@gmail.com;06.66.78.79.24;6, rue de Paris;946d62be0113db5ef8d664988b0733430dcc2948aba6dbde0ca32711b3c12e59;7w4c6v88822yk;images_etu/none_pp.jpg
jcesarini;Jhon;Cesarini;L1-MIPI;A1;jhon.cesarini@gmail.com;06.15.16.93.97;6, rue de Paris;f2fac9ae8acbd09ae4be0d4fd6ba9ef6cf9f0b18ba86814bd37e4c82834bb9ec;871pd873p9rg0;images_etu/none_pp.jpg
hrosny;Henry;Rosny;L1-MIPI;A1;henry.rosny@gmail.com;06.76.68.11.58;6, rue de Paris;390f92d67c1857dfbcf2d25a4709ffa123a93b9742bfa9d5e4c8611fe0725fcf;744m27m59s8wa;images_etu/none_pp.jpg
fstalter;Florian;Stalter;L2-MI;B1;florian.stalter@gmail.com;06.72.75.60.59;6, rue de Paris;3b925d8d388a6151bfb27addee77386e1b8e46fd0bcbf22a5d8c4225419bc396;bx95eepg468od;images_etu/none_pp.jpg
gsarkozy;Guy;Sarkozy;L2-MI;B2;guy.sarkozy@gmail.com;06.58.32.66.52;6, rue de Paris;d0e20ea77dc42f7b7a7511d07d54070e9625b6b2aed1880b6eeda4f8cbcec2b1;h3zp3fa3055af;images_etu/none_pp.jpg
rchirac;Remi;Chirac;L1-MIPI;A2;remi.chirac@gmail.com;06.17.11.32.14;6, rue de Paris;6b88703fa3b9851ea1d92f974f632a0df52aec131d5835d244b560657bd2b83c;9186phyrx9sry;images_etu/none_pp.jpg
nbourvil;Nicolas;Bourvil;L2-MI;B3;nicolas.bourvil@gmail.com;06.50.15.33.32;6, rue de Paris;95990fb5a7563d3177ecfa1f85ebf9e9c33ed1caec78ca44bc8f1c410ff870d8;xuuka03n1tol3;images_etu/none_pp.jpg
vde gaulle;Valerie;de Gaulle;L3-I;C1;valerie.de gaulle@gmail.com;06.42.84.96.16;6, rue de Paris;1591c2917cf95764770494f108be79f6253186f156a57f01dbd6d3770dd7f5ba;ru132gm5p29qu;images_etu/none_pp.jpg
aportal;Arthur;Portal;LPI-RIWS;E3;arthur.portal@gmail.com;06.34.76.98.78;6, rue de Paris;c85879de9a7dfe49c2e1f25950d7a23b00bcd6176245a504c55efd4cd24ea43e;ylb7x1fqx390b;images_etu/none_pp.jpg
jhallyday;Jose;Hallyday;L1-MIPI;A3;jose.hallyday@gmail.com;06.72.22.77.90;6, rue de Paris;f88650306f2d11e23c78acd89b948db048b50f67774ddc51ad4adb6bdebc91dd;of62sy8twrg38;images_etu/none_pp.jpg
cdoumergue;Chrisitina;Doumergue;L1-MIPI;A2;chrisitina.doumergue@gmail.com;06.53.68.14.25;6, rue de Paris;dce7175b5b877b581748a96b310bbc18b5a4612af5aa07d94355670bd66141e1;0338elobmp0mp;images_etu/none_pp.jpg
adoumer;Arthur;Doumer;LP RS;D1;arthur.doumer@gmail.com;06.31.62.97.98;6, rue de Paris;f2e88d265b0f91fc11474df1bed93415df2817ff0d2893795b7bbfcca50df9e4;1m2n7w8l7o77k;images_etu/none_pp.jpg
dcalvet;Diana;Calvet;L1-MIPI;A1;diana.calvet@gmail.com;06.16.58.68.49;6, rue de Paris;3d16d05fa4b9d52c1ecde9642bd0e2dbe181662d2ee1f63d530f94f241516a43;6830zs411xdc8;images_etu/none_pp.jpg
jdoumer;Jean-Remi;Doumer;L2-MI;B3;jean-remi.doumer@gmail.com;06.24.96.66.28;6, rue de Paris;7e38ae0505f86538717d6ccda4ba8aa4e4b273b48232c8834bd2f2c940c34382;2r18k14260109;images_etu/none_pp.jpg
gdeschanel;Georges;Deschanel;L2-MI;B2;georges.deschanel@gmail.com;06.81.54.16.33;6, rue de Paris;bb30d3835de1838d92a4e72e3a6c8bca7c1b1cfe5673d9e8d176b7a9a78d5109;a58b83e2y7wii;images_etu/none_pp.jpg
tgiscard d'estaing;Theophane;Giscard d'Estaing;LP RS;D3;theophane.giscard d'estaing@gmail.com;06.33.97.52.45;6, rue de Paris;31277553be36a735914cbc945027b5bd583aa563b26e4b8e09297d718e5b0454;c65ajxu8h27va;images_etu/none_pp.jpg
nhallyday;Nour;Hallyday;L3-I;C3;nour.hallyday@gmail.com;06.83.15.62.74;6, rue de Paris;f491b978bd63e7d134e7fa1c162bbf31414caa05d831f8f0287c0e765564b390;r324d62677329;images_etu/none_pp.jpg
pwhittingham;Paul;Whittingham;L2-MI;B3;paul.whittingham@gmail.com;06.22.12.12.18;6, rue de Paris;cabb1313cb5b105b2e5d774980038498edd982e0913ed350753755655d3956fc;fg8z2v35e8i4b;images_etu/none_pp.jpg
cgrevy;Clemence;Grevy;L1-MIPI;A2;clemence.grevy@gmail.com;06.56.49.26.44;6, rue de Paris;6fcdce87fe3e1b0a236a8bd29d3903041abca67d7b610fb7d864e0e934476bc9;79rqy0gh187o7;images_etu/none_pp.jpg
mmarley;Marie;Marley;LPI-RIWS;E2;marie.marley@gmail.com;06.51.94.15.32;6, rue de Paris;f1d6333d978e388a9d412dded158443588d88cbfb56a4bf715f4623a0f18be11;77zn62s31680n;images_etu/none_pp.jpg
hmitterrand;Henry;Mitterrand;L3-I;C3;henry.mitterrand@gmail.com;06.13.93.24.75;6, rue de Paris;f21b2384ad84b24c3571786234623a06775dec2971349af37772356f3c1952dc;2b95w6qz5hh2k;images_etu/none_pp.jpg
lwilliams;Louis;Williams;L1-MIPI;A1;louis.williams@gmail.com;06.97.76.47.88;6, rue de Paris;b84fda2afa1476a01cfdbcf69681a704f4cf9611b4c0e669531e64c5476fb755;5sng0q1ihx500;images_etu/none_pp.jpg
jdennehy;Jacque;Dennehy;LP RS;D2;jacque.dennehy@gmail.com;06.41.36.23.61;6, rue de Paris;3b2372b90a73c2aa96942e77b4ced9486eda7212ec5851fdbd201eb0cc9eddda;j5ty1x3o8nrb7;images_etu/none_pp.jpg
mcarnot;Merle;Carnot;LPI-RIWS;E3;merle.carnot@gmail.com;06.45.18.38.88;6, rue de Paris;48a7b6b09e1bbe6155e57a32b8695848a2eba8bd4b51fd8f0658c3b7fde7db0d;2jj2ich7kw155;images_etu/none_pp.jpg
dsepulveda;Diana;Sepulveda;LPI-RIWS;E1;diana.sepulveda@gmail.com;06.94.59.94.93;6, rue de Paris;d1ede671ad019de6ecf7d8eed1c89fec8505388e43367f1b3c85dcedc9cfa402;mpet35839te87;images_etu/none_pp.jpg
clee;Christine;Lee;L1-MIPI;A2;christine.lee@gmail.com;06.69.15.60.18;6, rue de Paris;e783d97021ba9cc12ee5676b28f7e3b956280ece73ffa113ef8716a4bf1f60a1;7y1nj53hvboe9;images_etu/none_pp.jpg
jcarnot;Jose;Carnot;L3-I;C2;jose.carnot@gmail.com;06.24.20.35.88;6, rue de Paris;2b8a2911c8c7526907cbbebb8434aa6ab2a74dffe9a606e9e49369ea5bd360ad;6wa4b7sl7516h;images_etu/none_pp.jpg
cbourvil;Christophe;Bourvil;L3-I;C1;christophe.bourvil@gmail.com;06.68.71.35.64;6, rue de Paris;f75ff24b86eab998338b44e650e7b20773d7b211d55445cace7c51f27b87a2ee;08n26wh2m1m92;images_etu/none_pp.jpg
bhugo;Bernard;Hugo;L3-I;C2;bernard.hugo@gmail.com;06.71.99.43.68;6, rue de Paris;272ef0a5648c8d060907c790f6b3b88c34e1c29875cf37599674f778227bb113;97g316iv710p2;images_etu/none_pp.jpg
spoincare;Sophie;Poincare;LPI-RIWS;E1;sophie.poincare@gmail.com;06.77.51.91.27;6, rue de Paris;6b9245a88e4fd2e13d78d9cbd95694e886611d5ff72643321cfc58255f6cedd3;bfkk9s9063rk8;images_etu/none_pp.jpg
enahon;Eden;Nahon;L3-I;C1;eden.nahon@gmail.com;06.47.44.10.21;6, rue de Paris;606000447fdbefba238055f0c52c96a5abc741f0a5336341c0b04b9e41e395d8;d32fl1wator4l;images_etu/none_pp.jpg
qgainsbourg;Quentin;Gainsbourg;LPI-RIWS;E3;quentin.gainsbourg@gmail.com;06.52.99.41.35;6, rue de Paris;e458b87ecc7bbf44f520bfa0cf5eeaa97bb982d9ca3d79c94961b76d7055617c;xok2k89249etj;images_etu/none_pp.jpg
eprine;Eden;Prine;L1-MIPI;A2;eden.prine@gmail.com;06.50.55.38.95;6, rue de Paris;5fd10deddc482b52f0f21e40e8f3d18510a740f51f7be3a5ca6d683c9dfc970d;5yv3s384ns1m3;images_etu/none_pp.jpg
mhaddad;Marine;Haddad;LP RS;D2;marine.haddad@gmail.com;06.33.31.26.80;6, rue de Paris;d871bc07ffbddba321e469fa92666e93219e7f87d480012d565f8f7a4d3ad2e0;3vrc5a7cxm6bg;images_etu/none_pp.jpg
cmarley;Constance;Marley;L2-MI;B3;constance.marley@gmail.com;06.59.75.32.75;6, rue de Paris;f23177a268acfa56c886d6aeb468e38536479b21a792b7c3ef23e6e0dcb486c8;j133y0xeo3z4r;images_etu/none_pp.jpg
hhugo;Hans;Hugo;L3-I;C3;hans.hugo@gmail.com;06.71.15.74.52;6, rue de Paris;b17460fe9b19c09b1390ff5ec08bce5208604452acc1bce2510a7af2f788f361;cd00iw6u94425;images_etu/none_pp.jpg
mchaplin;Marie;Chaplin;LP RS;D2;marie.chaplin@gmail.com;06.23.99.81.45;6, rue de Paris;dcd12b45a68aa5f9aa6070f1f2df5c80d3162ff78fefbb675217d052594a08c6;t8970ti6v6891;images_etu/none_pp.jpg
psarkozy;Pablo;Sarkozy;L1-MIPI;A1;pablo.sarkozy@gmail.com;06.92.33.95.27;6, rue de Paris;1a3f5e900fd1f347d5a785326ca04ef46dd27227aa6df7c4b3877f37bab7d9d4;7zz72jhjb07g8;images_etu/none_pp.jpg
