bguirlet;Benjamin;Guirlet;L3-I;C2;benjamin.guirlet@gmail.com;06.23.86.24.46;5, rue de Cormeilles;d2361bfff0b446d8ab61e3c1cb03d205b96ebc4475c4c59491470321859a92b2;5ea2a3324ad7a;images_etu/bguirlet.jpeg
osuLove;Osu;OSU;L1-MIPI;A3;osu@love.com;06.66.66.66.66;06, rue de osu;b62d0f5511677bd507cd35ff4ed9992b3798d89d4a7e921767a685e707e3a4e2;5ea2a5ce71adc;images_etu/hdhr.jpeg
Nein;Nein;Nein;L1-MIPI;A1;Nein@german.de;NEINNEINNEINNEINNEIN;NEINNEINNEIN;2fdc0a087d3dc16a2afc4f9238b4ffa22a6efc9d3e6c419ed7d191803deda72d;5ea2b27821e74;assets/pp_none.png
Neko;Neko;Shero;L2-MI;B2;nshero@gmail.com;1654361368;635413654;96bc787ab9dfbaf8a4a9f8cda67993277da0200b6b13e4e42105d10d91c5768e;5ea2bccad143f;assets/pp_none.png
ddroguett10;Degermann;DROGUETT;L3-I;C3;degermann.droguett@gmail.com;06.10.25.61.67;6, rue de Paris;36429182e0b25e4abc17f9fb906b21c381117ec64f53a8350917acf7b4bfe7ad;2ag4159k9m815;assets/pp_none.png
sdahle55;Saintilla;DAHLE;LPI-RIWS;E3;saintilla.dahle@gmail.com;06.55.69.15.86;6, rue de Paris;ea63daabc64cdaa14735cdce51d2f947b298686d6fc0606dee32ff80fbf6bbdc;4050a8fbmq4nl;assets/pp_none.png
mbrallet66;Manteiga;BRALLET;L2-MI;B3;manteiga.brallet@gmail.com;06.66.21.18.75;6, rue de Paris;0ffa969d46f7c2d66f593b0417393eac30a3380e7e9d81467b01d5800ef602d0;23f8830ev92n6;assets/pp_none.png
nhamon dayot68;Nouhack;HAMON DAYOT;L3-I;C3;nouhack.hamon dayot@gmail.com;06.68.55.84.44;6, rue de Paris;c5d576d7ac6cccbab7b9d2635afef489029b83326234cbef82b1bb41d4a361e7;559a79gr3b8fj;assets/pp_none.png
vramuzat22;Voke;RAMUZAT;LP RS;D3;voke.ramuzat@gmail.com;06.22.67.57.63;6, rue de Paris;50016d08fd7197a81316e5101276e9383a731a255273f614b3d5458bedb67c0a;h4m0y9828o04k;assets/pp_none.png
kmotlova68;Kaisu;MOTLOVA;L3-I;C2;kaisu.motlova@gmail.com;06.68.99.30.63;6, rue de Paris;45757e9cd9d604e6be9fda8e3498d645ce98527bdd9ac4ef0bcf24aaa540b6bb;g8j5k822nao9g;assets/pp_none.png
ybraamcamp96;Youyoun;BRAAMCAMP;L2-MI;B1;youyoun.braamcamp@gmail.com;06.96.59.13.89;6, rue de Paris;2ac430de2d3f089d388d6079859b70b8180a32dbd7dc6e992c23bb51051f1fe1;w7693cn0311rc;assets/pp_none.png
ehu shi12;Euglacides;HU SHI;L1-MIPI;A1;euglacides.hu shi@gmail.com;06.12.92.15.30;6, rue de Paris;4dba9fd4dba74c522990003109b14055633889eb250ba0e11b4327a21ec36201;qf350y3fd4h9w;assets/pp_none.png
dafriyie49;Diemunsch;AFRIYIE;L2-MI;B3;diemunsch.afriyie@gmail.com;06.49.89.66.64;6, rue de Paris;2c186d871acf38ce82ae9c6ff3dee32aa98030b63c70e58e6ea065227761fd0d;rve6p7us38y2m;assets/pp_none.png
nmaybury33;Nifaya;MAYBURY;LP RS;D3;nifaya.maybury@gmail.com;06.33.91.31.54;6, rue de Paris;7653f07571dfab7770f9180cc501f32ebe22c8b9d8c063340395de206ce166b0;687tt9898ey7r;assets/pp_none.png
jelkanich49;Jane;ELKANICH;L3-I;C1;jane.elkanich@gmail.com;06.49.47.95.47;6, rue de Paris;1258dacb70a1a5929bed0cc38cfc61a877151d1dd89e88b7032f4f1575d8f6a8;fb037tzi54c9h;assets/pp_none.png
ymainich39;Yascha;MAINICH;L2-MI;B3;yascha.mainich@gmail.com;06.39.44.49.56;6, rue de Paris;7c18b7cdbffafde7fa1d4f531fa9df91fe164f3aa1c9665e6d55b90ea61414e6;h1ro90kjad4b3;assets/pp_none.png
nmepui atchoyi85;Nawfel;MEPUI ATCHOYI;L3-I;C1;nawfel.mepui atchoyi@gmail.com;06.85.62.98.42;6, rue de Paris;984bf89679b2a0cb14be81f38995fbe94c16b59ede9c06a26e624aeae95b26d3;mqa8ec68z3161;assets/pp_none.png
claurant david15;Cothouit;LAURANT DAVID;LPI-RIWS;E2;cothouit.laurant david@gmail.com;06.15.89.20.67;6, rue de Paris;1d19dc9e16bdeeda53f04844f5756fea7f3087bbb1f46f114077fa53c0c3505e;1nz4k822udeeb;assets/pp_none.png
dbohon75;Doirdre;BOHON;L3-I;C3;doirdre.bohon@gmail.com;06.75.66.86.26;6, rue de Paris;e034c55b1feb6c9e75ee57ff9c4829ef0073842aef8c4cf5f2d5b77dc868d233;to89h882tnyf7;assets/pp_none.png
tgarre debies81;Tamaimount;GARRE DEBIES;L3-I;C2;tamaimount.garre debies@gmail.com;06.81.62.50.62;6, rue de Paris;6aa033cd8880c2303088ffdbd490de210e8af913037190c84d2f86be519584d1;e1r98v7x32790;assets/pp_none.png
cselimbaye latchimy15;Charistian;SELIMBAYE LATCHIMY;LPI-RIWS;E3;charistian.selimbaye latchimy@gmail.com;06.15.28.98.33;6, rue de Paris;9ba3a85b0fd2226a8cb8cbfbae33528487e67e77c8770c3e95cd72a30065d3a3;0u1br8i09ao7h;assets/pp_none.png
fmavoungou bonghau67;Frezier;MAVOUNGOU BONGHAU;LP RS;D1;frezier.mavoungou bonghau@gmail.com;06.67.24.52.66;6, rue de Paris;31469ab24f2e65235567908646b24d9e0b4ec0b6c82ef954dab0b7f5f9d91df3;x1694ozoayn0t;assets/pp_none.png
ppinto de azeredo17;Paulrand;PINTO DE AZEREDO;L1-MIPI;A1;paulrand.pinto de azeredo@gmail.com;06.17.27.92.93;6, rue de Paris;2526c9d1821519215c06277a0026ce8df4c0b47235d2337ff8c7b1a78588aff5;5032ci68m4c7b;assets/pp_none.png
nel fehdi63;Noanne;EL FEHDI;LP RS;D3;noanne.el fehdi@gmail.com;06.63.97.81.71;6, rue de Paris;089eca9f27524fe52e1871c70c5b306937172e61e8eff10b5fb459b40d638e79;1856c02jw43k3;assets/pp_none.png
gsantos frias70;Guely;SANTOS FRIAS;LPI-RIWS;E2;guely.santos frias@gmail.com;06.70.76.30.53;6, rue de Paris;fc864a3d69a912b025b9ec3dfd550d79a0db3d9747717ac74b37425557b6414b;4knz6l619s622;assets/pp_none.png
bcaramanica10;Balbino;CARAMANICA;LPI-RIWS;E3;balbino.caramanica@gmail.com;06.10.37.15.37;6, rue de Paris;344bb037e25d76dc7abf8d34b93249c9b43c1a6b561322d987316b5d51b30048;49659n6kkg7y8;assets/pp_none.png
emirlocca96;Elzire;MIRLOCCA;LP RS;D3;elzire.mirlocca@gmail.com;06.96.55.68.42;6, rue de Paris;0232d1ab39acd645bf259d42cde8f0df64ca6346c9862b95d7b934e3008170a6;5zlfu3751g5no;assets/pp_none.png
mde piante11;Maderic;DE PIANTE;L3-I;C1;maderic.de piante@gmail.com;06.11.67.57.39;6, rue de Paris;4ecbd07cac3f5c3cbec77900090e1fa8cf355b73b6ec205ce0f7b20c3b8d6d4c;wf7fy7uc49t2c;assets/pp_none.png
kcampanetto68;Knoderer;CAMPANETTO;LP RS;D1;knoderer.campanetto@gmail.com;06.68.35.41.70;6, rue de Paris;8fe9ceca8c8a625d4d52f4b5c6b7e5626ae6b45ad1feb6af28a0481811f8a321;w8m38hu28y27w;assets/pp_none.png
vboukhenouna52;Vissendra;BOUKHENOUNA;L1-MIPI;A2;vissendra.boukhenouna@gmail.com;06.52.42.12.73;6, rue de Paris;f1d03ed92fe59458d64203e3074eacfea31a0c5a83300c425d51bd2cff2849df;8idyac4014a5s;assets/pp_none.png
kgris planes54;Kervernngee;GRIS PLANES;LP RS;D3;kervernngee.gris planes@gmail.com;06.54.75.97.25;6, rue de Paris;5dd9c82e57900deb1494ee4340ca2515339e0803fe23fbd1aae609eb712e981f;9h0m1lrc6us2q;assets/pp_none.png
ygabi41;Yueheng;GABI;L3-I;C1;yueheng.gabi@gmail.com;06.41.79.86.91;6, rue de Paris;c35e6167cb965b63ba5285f4c85005513e0ee447d24146bdcee125b3abb5295e;3ohf8332ft1ce;assets/pp_none.png
rderembie72;Rokhan;DEREMBIE;L1-MIPI;A2;rokhan.derembie@gmail.com;06.72.96.34.10;6, rue de Paris;088ba5011137dd64edc21c9f8cbe8352ffa1abf03a96e246d06b07d92e16e8ac;449vg53ny27e5;assets/pp_none.png
gahrenberg67;Gilebertte;AHRENBERG;L3-I;C1;gilebertte.ahrenberg@gmail.com;06.67.23.88.99;6, rue de Paris;cff74b58edcee4b77278be886b9d19765654a6c70ec89e2e131017359de760e2;8k105au67xtvq;assets/pp_none.png
irestrat35;Ivanete;RESTRAT;LPI-RIWS;E3;ivanete.restrat@gmail.com;06.35.60.36.93;6, rue de Paris;94fa8efc11e61408186ab1b4c8610cd651fe8a5006c30560cc33f7efdfdf3480;n83t4cmzebbki;assets/pp_none.png
irajnberg41;Isegun;RAJNBERG;L1-MIPI;A3;isegun.rajnberg@gmail.com;06.41.83.10.27;6, rue de Paris;15def04d743d8b5bcd23db5ccfa474de1b18284300eee0639f2de3b56e69a406;6495u76707jm4;assets/pp_none.png
ovandervale48;Oleksandr;VANDERVALE;LPI-RIWS;E3;oleksandr.vandervale@gmail.com;06.48.22.41.66;6, rue de Paris;93f998e62ba2b04cb7b07ac891eda2751898253eb157e406942de3ca90ffd14e;8o93w9it17x24;assets/pp_none.png
aterkmani67;Aldair;TERKMANI;L2-MI;B1;aldair.terkmani@gmail.com;06.67.78.15.33;6, rue de Paris;18f20f7deb3cd8f7aadeabf3c2435da0ccdf388d31972ca06efd20c8c35ede5d;zn18a736q8878;assets/pp_none.png
apeyramale morlanne82;Aleksandra;PEYRAMALE MORLANNE;L1-MIPI;A1;aleksandra.peyramale morlanne@gmail.com;06.82.58.45.71;6, rue de Paris;0dfbbfcacd2954a74e4febae1f60e438a2253d8b9123de7c100929c22094e241;pp4033zdj8fx5;assets/pp_none.png
ddusom35;Dandouna;DUSOM;L1-MIPI;A2;dandouna.dusom@gmail.com;06.35.91.63.54;6, rue de Paris;9a1212b426425c91e27bd18ba258299c23135957c2ca2866713525f66f2f9c5b;fhm7ic46x7jm0;assets/pp_none.png
vbedat16;Valriane;BEDAT;L3-I;C2;valriane.bedat@gmail.com;06.16.31.15.13;6, rue de Paris;30b3005e3c91a6353c5bdb24276a60e66be9135dbd188266b1a55dea704d6805;q7jd1an0037wg;assets/pp_none.png
idumuys99;Ibiyedikida;DUMUYS;LP RS;D2;ibiyedikida.dumuys@gmail.com;06.99.93.66.75;6, rue de Paris;76418b850d05910f64af65f111289e94bf912afea512409d5419a4f2f723f275;0mp132z7kz1z1;assets/pp_none.png
nlanceiras27;Nasseim;LANCEIRAS;L2-MI;B2;nasseim.lanceiras@gmail.com;06.27.38.76.69;6, rue de Paris;b93bc2cdc69d08a7175f29f9762f4352495f8d07255522d81fd75e2d61e95ba5;hk23ax0zwtw8f;assets/pp_none.png
aquennouelle86;Ayedjo;QUENNOUELLE;L2-MI;B2;ayedjo.quennouelle@gmail.com;06.86.24.63.27;6, rue de Paris;3ea590362b1d22485e37b4f9d06229ab206f944b2063dc315096bd3295183e17;7dl0168in1ewu;assets/pp_none.png
hrajnovic36;Henriete;RAJNOVIC;LPI-RIWS;E2;henriete.rajnovic@gmail.com;06.36.82.95.64;6, rue de Paris;f674b1d980d2afb702dd0cd27a8f2874814cedae31140b0d2f1fc433b8e4fb04;h64y1ag8338u8;assets/pp_none.png
aharzimont76;Artous;HARZIMONT;LP RS;D3;artous.harzimont@gmail.com;06.76.38.77.22;6, rue de Paris;8bec1e5ae41c0947ea6aa2db58e64d2eafa11f21d8528a265c9d2d7ba540ccfc;3423nz8n09hae;assets/pp_none.png
rruf27;Romula;RUF;L2-MI;B2;romula.ruf@gmail.com;06.27.22.99.11;6, rue de Paris;2882bccb286f8564e196bf898b1fa2e5474bde082e87e3573606adde04852ead;02282l5t44272;assets/pp_none.png
adarazi95;Asenov;DARAZI;L1-MIPI;A3;asenov.darazi@gmail.com;06.95.70.92.98;6, rue de Paris;cb4c1352dd33593b9dd5bf2f470582a3c17749f8dbb0c1ec6b20d117c375843e;68x91s0172p54;assets/pp_none.png
wassani mari45;Wladyslaw;ASSANI MARI;LP RS;D2;wladyslaw.assani mari@gmail.com;06.45.89.39.15;6, rue de Paris;f501c1e007561de27ec088728e404721edb26d942aaf32db1cfbae876ad82bc6;199f3h146o283;assets/pp_none.png
hde durfort de civrac de lorge27;Hida;DE DURFORT DE CIVRAC DE LORGE;L2-MI;B2;hida.de durfort de civrac de lorge@gmail.com;06.27.13.41.66;6, rue de Paris;9d76c3d713875710b74c6af877aa6413e7bd7c04af54b3acce6c5cb52a58105c;742c1081ea1j6;assets/pp_none.png
vfaifeu57;Vjaceslavs;FAIFEU;L1-MIPI;A1;vjaceslavs.faifeu@gmail.com;06.57.32.72.54;6, rue de Paris;9a1e08b0c57a737b5ed3187ac97b9b698a0dd78c579b3381a956a6d694522ad7;0p70g60a4l8fz;assets/pp_none.png
salcatara36;Shine;ALCATARA;L3-I;C1;shine.alcatara@gmail.com;06.36.17.10.41;6, rue de Paris;60c049cbf7c82965852e38bcfd80c008fb028a6666b4d7147d7e91ae51d995c3;5n178608230uo;assets/pp_none.png
amesseyne13;Aalija;MESSEYNE;L2-MI;B2;aalija.messeyne@gmail.com;06.13.89.89.46;6, rue de Paris;db4f9f8b59908a48838edc587c692f3f5ee0a6c09190bb2b22383ecd7dada6aa;ip2hi9473em5w;assets/pp_none.png
cidhmod66;Caque;IDHMOD;L1-MIPI;A2;caque.idhmod@gmail.com;06.66.38.85.11;6, rue de Paris;f22661b1fe1dd98535c1b20da11cb35767139b0af4d79808a091957eda04e14e;ub20919522y91;assets/pp_none.png
bmamiom95;Bougoul;MAMIOM;L2-MI;B2;bougoul.mamiom@gmail.com;06.95.60.47.55;6, rue de Paris;f113c8b4c39fd7005941c91e3d07d2053c4d4b8cb168d148c03434c0c63f7966;f16hanu98i0e5;assets/pp_none.png
utimbuli64;Udy;TIMBULI;L1-MIPI;A1;udy.timbuli@gmail.com;06.64.84.84.86;6, rue de Paris;fb3c66f1750aba0a3e685b43b36ff09819ab16d34b0b1745c55ce23c8f2d685f;8xgn2yor26iao;assets/pp_none.png
bguy rubin74;Balaguer;GUY RUBIN;LP RS;D3;balaguer.guy rubin@gmail.com;06.74.31.56.34;6, rue de Paris;4150dc1c0fd4b1cde8ab4f49585ce29c9b46cd2014c94543dc4c43e5739a11b7;g2ygbwfw2rg5q;assets/pp_none.png
mkhandouk84;Marijnus;KHANDOUK;L1-MIPI;A1;marijnus.khandouk@gmail.com;06.84.68.22.43;6, rue de Paris;912a9b4940706a6b00635f04430119b74bd359062fa0dcbc41828dd517928b4d;kzthb9s869k5l;assets/pp_none.png
doulad daoud92;Dragustin;OULAD DAOUD;LP RS;D3;dragustin.oulad daoud@gmail.com;06.92.94.20.89;6, rue de Paris;9f6d76ce7c6c233ca25d2c0328cba0055ee16604c5accacf2a0dd98d6cce5aa4;5h89ak05j0563;assets/pp_none.png
aliebke49;Artz;LIEBKE;LP RS;D2;artz.liebke@gmail.com;06.49.90.87.21;6, rue de Paris;c3c9af174fc3ab5f8929312a61c6c9f34d0b32de01965073708db19ce23273d1;4vb9yg37usjhh;assets/pp_none.png
fvolfova32;Fetehia;VOLFOVA;LPI-RIWS;E3;fetehia.volfova@gmail.com;06.32.66.81.66;6, rue de Paris;8cc7f417b8119ebdcf0a68acfb297ed2f7130c3a8ff63655f230c45df6cf5d20;qa69sn975ch31;assets/pp_none.png
fmakhmoukhen48;Farzad;MAKHMOUKHEN;L3-I;C1;farzad.makhmoukhen@gmail.com;06.48.60.67.88;6, rue de Paris;54a81f8509c8076ca12d2a401f8455b83a41a56d7c753c8c8d41857b4168f7ba;4477ial044t32;assets/pp_none.png
jlongueval13;Jacquard;LONGUEVAL;L3-I;C3;jacquard.longueval@gmail.com;06.13.66.78.36;6, rue de Paris;8214033e163bc9829b1124125ee92ffcf650f772b5e4bba9eb3fa35a269cc957;j4d222kw447ll;assets/pp_none.png
dndong assoumou30;Djinouri;NDONG ASSOUMOU;L2-MI;B3;djinouri.ndong assoumou@gmail.com;06.30.54.11.44;6, rue de Paris;c6c6cbef3b860f15b5204b89747b35ab3d798f0ad488fc8a333b0167bb4305b5;4mk127y7qoi17;assets/pp_none.png
dporol45;Dohina;POROL;L3-I;C1;dohina.porol@gmail.com;06.45.96.93.19;6, rue de Paris;528b2df19a51bd2f8fe03fe31bc9d14454d3b8c7ba45256da627a8c12ae77d1c;sth0337b0f635;assets/pp_none.png
cmoulali98;Clergereau;MOULALI;LP RS;D3;clergereau.moulali@gmail.com;06.98.67.64.35;6, rue de Paris;c1af27b5b96af0d80d65964c8703e8164ef879eac4dae80ea73f6c50dab4058a;es5p56oxv2e58;assets/pp_none.png
pven veen48;Procope;VEN VEEN;L2-MI;B1;procope.ven veen@gmail.com;06.48.57.17.93;6, rue de Paris;b5ff26d98bd031eb6bde667e66bf7d7afb2821cadfc9348c3d71e2841815141d;ti4336e8f8w08;assets/pp_none.png
ntacyniak71;Nevzad;TACYNIAK;LP RS;D3;nevzad.tacyniak@gmail.com;06.71.48.21.97;6, rue de Paris;c58b6931ae721c865c5b1b0c2abb0e7e1a20d321d047b14c5e93a18ec38e98b7;4x45z602w68ea;assets/pp_none.png
akottelat59;Arnoul;KOTTELAT;L2-MI;B2;arnoul.kottelat@gmail.com;06.59.21.35.19;6, rue de Paris;e97de4c88c71f0a3e25f89e1b79cf7084fb969305b02ec6dc3e8305c9c8d8f6e;0xj9hk2je0252;assets/pp_none.png
ldi maggio predieri42;Lanihesa;DI MAGGIO PREDIERI;L3-I;C3;lanihesa.di maggio predieri@gmail.com;06.42.13.28.77;6, rue de Paris;82254e2c05043203162cb513b3579e60b372f3c8b8e0ac26458b355b2aeae05d;5gxa74g853757;assets/pp_none.png
vburtschy81;Volanges;BURTSCHY;L1-MIPI;A3;volanges.burtschy@gmail.com;06.81.83.76.39;6, rue de Paris;7d62e84fe2a24f391bd54bbb690fa1e76b2f4ff0e768906d11ca080856dc2303;pt42gk8l81mj6;assets/pp_none.png
snassief67;Sree;NASSIEF;LP RS;D3;sree.nassief@gmail.com;06.67.28.17.85;6, rue de Paris;5a5a4a884146c868dd9df3fd063c588e9ccf95e3a758e2f4d57e6496692ca8b4;k6005a225o14v;assets/pp_none.png
lhuynh van thieng56;Luisinho;HUYNH VAN THIENG;LPI-RIWS;E3;luisinho.huynh van thieng@gmail.com;06.56.30.78.73;6, rue de Paris;b8f9d7d82cab2e680cfba93052237c4e86557c2bc9182c0474b5ca7b1a550236;qs639wym2n0z4;assets/pp_none.png
jzanino36;Jeason;ZANINO;L3-I;C1;jeason.zanino@gmail.com;06.36.72.56.72;6, rue de Paris;d2a5ec3c3cef7312878a6bb7dbc074c82e193e5cf374d3ef32db301d0bf3d09b;12d72822dk96y;assets/pp_none.png
crjoul91;Charazett;RJOUL;LP RS;D1;charazett.rjoul@gmail.com;06.91.83.65.80;6, rue de Paris;2a0866411c27d256851a159d6bd188c948e9c71a6481ae7abf7f1dba94f2cd97;88wh250alqk4u;assets/pp_none.png
osmolnick51;Olutowin;SMOLNICK;LP RS;D2;olutowin.smolnick@gmail.com;06.51.57.21.76;6, rue de Paris;53b9270f81bf278de0e227102d45dc610e650acbb0fdcf1bb5647b3b2eb9319b;wox41r2ji3czp;assets/pp_none.png
ecarrancia26;Euzcadi;CARRANCIA;L1-MIPI;A2;euzcadi.carrancia@gmail.com;06.26.68.44.51;6, rue de Paris;9dac656cfbdaa9a56261316d9472a3c84e4296f7bd14729041b1906337c4a7e7;z33wnd1hv144j;assets/pp_none.png
afengarol38;Ahmeida;FENGAROL;LPI-RIWS;E2;ahmeida.fengarol@gmail.com;06.38.94.74.51;6, rue de Paris;8a56f360a792154d2a7062ee632d751c51a7fc3fa4b0218cc9d530321e1fba81;h7l10x09rt31j;assets/pp_none.png
kgonzalez rueda70;Kourbane;GONZALEZ RUEDA;LPI-RIWS;E3;kourbane.gonzalez rueda@gmail.com;06.70.15.79.42;6, rue de Paris;e97c8302f3463e11cf3874a655f8b0dbc06b4e25d03807125abf0670d122cbe4;c43z582gf4s3k;assets/pp_none.png
bcochi64;Binongui;COCHI;L3-I;C3;binongui.cochi@gmail.com;06.64.23.79.13;6, rue de Paris;db73e248df150a195fc5d564de98c6885fd4750bc7b93c74aeaa67bfb506cad8;2zy6mj9b0v99r;assets/pp_none.png
ttarantik58;Tidian;TARANTIK;L3-I;C2;tidian.tarantik@gmail.com;06.58.30.32.91;6, rue de Paris;c718e1fda073fe7e4df55308cf6689dc25a3499e0d4502cec199b6de3adc9c07;321i84u27i60g;assets/pp_none.png
cnile45;Cheldy;NILE;L2-MI;B1;cheldy.nile@gmail.com;06.45.83.95.76;6, rue de Paris;32e02fda44bf66ed839a624880a8e546e3efad825ca5fab7ccf6d92963a9bb3e;40m2bbe08xf98;assets/pp_none.png
mvitet62;Marpha;VITET;LPI-RIWS;E2;marpha.vitet@gmail.com;06.62.82.67.93;6, rue de Paris;10e166e1c6a10c531d8201a4b07213eabc2a88704b37b521a6327ced2d7e7da8;63r576ijgkm4u;assets/pp_none.png
mtarbis20;Merius;TARBIS;L2-MI;B3;merius.tarbis@gmail.com;06.20.74.67.28;6, rue de Paris;8ae685b17063a9d4214c4dcdaa3838acc1fc6ea20941b505421d55eb84d40288;y43f7b7fb96fo;assets/pp_none.png
bpullie35;Bastie;PULLIE;L3-I;C2;bastie.pullie@gmail.com;06.35.69.35.78;6, rue de Paris;20611a24858cf2868b84b875004eef8db702fea5b1cf0aaea2aaf02b3dd0e37f;rylu5mle35b70;assets/pp_none.png
acastany garcia12;Aroldino;CASTANY GARCIA;LPI-RIWS;E1;aroldino.castany garcia@gmail.com;06.12.51.46.64;6, rue de Paris;40fdb17604a70629c8079264feccbfcc29bad94e6b4ce1581a252f2f346d4117;588mxsm0q9700;assets/pp_none.png
sghanawati65;Silvania;GHANAWATI;L3-I;C2;silvania.ghanawati@gmail.com;06.65.41.47.90;6, rue de Paris;e6ed320a3455f327208bee4a2626844d8fcc6b187a69715b3ca9323b8220cc14;4a933t9809999;assets/pp_none.png
izachetti75;Ish;ZACHETTI;L3-I;C2;ish.zachetti@gmail.com;06.75.95.56.62;6, rue de Paris;6ad53deeb6d63f975b09d8ee09bc1266aad49267fb648437a833a166d9f08143;w65o8l7759bfg;assets/pp_none.png
scirneanu53;Solenne;CIRNEANU;L2-MI;B3;solenne.cirneanu@gmail.com;06.53.33.40.93;6, rue de Paris;d095bc80aa7109370ee1807fff445906d7c9a2dd284c7604478c5e159e2393be;rmba4a1zm70c5;assets/pp_none.png
gjaouda19;Gorniecki;JAOUDA;LP RS;D3;gorniecki.jaouda@gmail.com;06.19.32.53.81;6, rue de Paris;47f7a6df94d17b315b662e3e51852a4467580a8a6fd622295dcf100a09274502;b730y93u9x06j;assets/pp_none.png
zguimet de la martiniere99;Zelio;GUIMET DE LA MARTINIERE;LPI-RIWS;E2;zelio.guimet de la martiniere@gmail.com;06.99.87.97.93;6, rue de Paris;74b4da1ade65f982685b2c0e058b21a1bc227a50505b44bbb65c03b36fcc788c;2mr9f2seu5483;assets/pp_none.png
nmanglind44;Noraddine;MANGLIND;L3-I;C3;noraddine.manglind@gmail.com;06.44.97.28.70;6, rue de Paris;ed07c5f5a21fe14b2c6a799a12f34596cca50265a9bbd14924666a50a2cf22e1;t352a230042q8;assets/pp_none.png
ide abreu mendes24;Isandro;DE ABREU MENDES;LP RS;D2;isandro.de abreu mendes@gmail.com;06.24.41.95.76;6, rue de Paris;cb801f1548b43792208d45ddbe305106a2a1e4a1a4c82d37303d2da7db1cf73e;gy41ni1x6i208;assets/pp_none.png
ggromard86;Guermente;GROMARD;L3-I;C3;guermente.gromard@gmail.com;06.86.34.89.34;6, rue de Paris;d9169c25426acefd91e46e328a7af0d9087cde24f4f832dc1048f317096734d1;1qcqd5sqt9v9c;assets/pp_none.png
jefthimiadis53;Juki;EFTHIMIADIS;L2-MI;B2;juki.efthimiadis@gmail.com;06.53.37.81.36;6, rue de Paris;8844e97eddb486e6e9bf7938f9f7c38418d6f2927d83aa368f64502f7e7340cc;j4s09xuqikc0k;assets/pp_none.png
kravelo18;Kaja;RAVELO;L3-I;C3;kaja.ravelo@gmail.com;06.18.41.22.62;6, rue de Paris;b8a0475f919ad3123e4fe4a3e01b22790256015df700e43a9727287cbab015d4;lgj1tgfx6r57h;assets/pp_none.png
gpodhorski88;Gola;PODHORSKI;LP RS;D3;gola.podhorski@gmail.com;06.88.23.81.32;6, rue de Paris;0cda7f052c841734b5d5911f63a7b6c6c3fef26e9a0805ecacca2bf1d772d71c;29415r758l93l;assets/pp_none.png
jniznikowska87;Josph;NIZNIKOWSKA;L1-MIPI;A2;josph.niznikowska@gmail.com;06.87.65.36.43;6, rue de Paris;25dc940a46f20553c3655fc17784b33ca88164ecd3b5d7ce408328302a20770d;cyfm8ra2fbk71;assets/pp_none.png
mlandriot72;Metrey;LANDRIOT;LPI-RIWS;E2;metrey.landriot@gmail.com;06.72.29.47.67;6, rue de Paris;84ccd3ce9a8e9ee141acb6015103bbcce7f00e2addb8bfdb633a43f7aed907de;1877827qg1vg0;assets/pp_none.png
lrissouant43;Leblond;RISSOUANT;L2-MI;B2;leblond.rissouant@gmail.com;06.43.94.49.87;6, rue de Paris;280da5c74a42638df8899649c945bfe281f9307431856cb17bc6f8aef5107379;ug78tz47v9l0e;assets/pp_none.png
mdjalleb70;Mawuenam;DJALLEB;L1-MIPI;A1;mawuenam.djalleb@gmail.com;06.70.62.49.23;6, rue de Paris;e2b4a9f8ccfc09b779be4a9f50363283cd654b86154c0591880874810efeb210;7ji11413l9448;assets/pp_none.png
aperez de la canal12;Algerina;PEREZ DE LA CANAL;LP RS;D2;algerina.perez de la canal@gmail.com;06.12.38.77.70;6, rue de Paris;bb676adddc18f419621b5774e48dedea803d79c97a7b8e8eca24a9e432aabc35;16xktc346roxk;assets/pp_none.png
bbermudez altamiranda52;Bachelerie;BERMUDEZ ALTAMIRANDA;L2-MI;B1;bachelerie.bermudez altamiranda@gmail.com;06.52.95.26.75;6, rue de Paris;21da46ce1b192b5119083ddcaade49886c5cc0eaf92799bbf4fdbc29fcf83824;59v2cp1nm42je;assets/pp_none.png
ndrymael71;Najime;DRYMAEL;LP RS;D2;najime.drymael@gmail.com;06.71.73.83.26;6, rue de Paris;d9e716c0bc10f4e855c4b1d806386cdbc8e1133a05167ddb1f3a1ed23728c003;re6951p3217lu;assets/pp_none.png
gel kareh15;Ghostine;EL KAREH;LP RS;D3;ghostine.el kareh@gmail.com;06.15.79.50.54;6, rue de Paris;cc346844b2ce72a2aef2824b0a895f73a15081016d79ee4651b819079c40fb0b;c2k29f4yvu152;assets/pp_none.png
gvandekerkhove roberdeau49;Gnanago;VANDEKERKHOVE ROBERDEAU;L2-MI;B2;gnanago.vandekerkhove roberdeau@gmail.com;06.49.89.44.76;6, rue de Paris;96dc57f90ee3e615af00e65cdd2b0b66c66d01f4fa93fc7284d0c61268ce2f28;96fsk1fhs16e5;assets/pp_none.png
jbeuset61;Joulik;BEUSET;LPI-RIWS;E1;joulik.beuset@gmail.com;06.61.42.57.77;6, rue de Paris;67bab76b72dbf19a9e144950a7fb5d0a846f33f8ea2d6ab87ecbcd66397dca92;gl2t693g5f72d;assets/pp_none.png
lbarwik78;Louro;BARWIK;L1-MIPI;A2;louro.barwik@gmail.com;06.78.56.96.62;6, rue de Paris;52a708eb228524219ea3f2091add1d738518b7f95994dae4f20c49ed2226fda2;9202111w5827z;assets/pp_none.png
mgazieva75;Marcarov;GAZIEVA;LP RS;D1;marcarov.gazieva@gmail.com;06.75.38.34.54;6, rue de Paris;7696036662176901b5e742d30e6f3cda564489a892515cfccd4db34e77bae8b7;0o71v716nooax;assets/pp_none.png
namhaouch86;Najmeddine;AMHAOUCH;L1-MIPI;A1;najmeddine.amhaouch@gmail.com;06.86.40.50.67;6, rue de Paris;736b2b46ae966f680bdc5ba3d07fba55d5e58717cec92dfec8428b9df71f092c;930v653n55920;assets/pp_none.png
bcollioud marichallot78;Bergeron;COLLIOUD MARICHALLOT;L2-MI;B2;bergeron.collioud marichallot@gmail.com;06.78.21.76.48;6, rue de Paris;3ff0208383669f988f56a9f975dc74994619c8a043983cf7b61e84785f475f07;n99mxeskdi2r7;assets/pp_none.png
ffellache19;Frouart;FELLACHE;LPI-RIWS;E1;frouart.fellache@gmail.com;06.19.22.18.22;6, rue de Paris;5a7db478cae16104c01699181a0468056d793251e9cd5ebd399ab93a66e84335;dls4a285se46p;assets/pp_none.png
sjallali35;Sadate;JALLALI;LPI-RIWS;E1;sadate.jallali@gmail.com;06.35.20.49.93;6, rue de Paris;6414c0f9b064326898f657d35a95877587ac86060b50b93af31bebaf71f6826a;kf4gu4z3u3n80;assets/pp_none.png
sd'ath19;Stael;D'ATH;LPI-RIWS;E1;stael.d'ath@gmail.com;06.19.99.77.22;6, rue de Paris;32b94d88684ad9c70aadf0aca15fd15efe4cddaf131bd723ee63756185001859;7lz2u43149v3c;assets/pp_none.png
yclemessy51;Yebi;CLEMESSY;L1-MIPI;A1;yebi.clemessy@gmail.com;06.51.18.65.23;6, rue de Paris;9ae583d8df4a773bbc0568ca30be76075955713acd39a10d57bcd51ce5f69b69;y6j92w7r3i360;assets/pp_none.png
acanaldo32;Ammorima;CANALDO;L2-MI;B3;ammorima.canaldo@gmail.com;06.32.82.20.94;6, rue de Paris;e9f967dc76e10e50b615c55e6a97f3cf397f52e15a466a8f38d14e7f6685847f;0up5625i78urq;assets/pp_none.png
lben iro37;Lunetta;BEN IRO;L1-MIPI;A3;lunetta.ben iro@gmail.com;06.37.43.22.48;6, rue de Paris;066900e7cfb4894f9c830806b66e9baf3753a8fb811025db375ab079c9521dc5;cg3b66q6tr6t8;assets/pp_none.png
nmunsi36;Naoielle;MUNSI;LP RS;D1;naoielle.munsi@gmail.com;06.36.73.49.62;6, rue de Paris;7aa30673478de8ff1e7c6fbb906c573fc577a925891d30ac1b709ca70bef2d79;je54yo28wep49;assets/pp_none.png
chojairy77;Cardiologue;HOJAIRY;LP RS;D1;cardiologue.hojairy@gmail.com;06.77.65.40.63;6, rue de Paris;64d011abeaf5670c5345a50d3866751449ee9d79f2ff2b04a396a4cec00b69e9;413991b0ne0mm;assets/pp_none.png
cmaureil87;Celik;MAUREIL;L1-MIPI;A2;celik.maureil@gmail.com;06.87.49.80.99;6, rue de Paris;9f80bddcb48e45452205e406937d5b9ce421e1d44575128d866b67af0dbf92a5;47d0e18l0540h;assets/pp_none.png
mdessastre70;Montain;DESSASTRE;LPI-RIWS;E2;montain.dessastre@gmail.com;06.70.78.59.30;6, rue de Paris;d5a995dc86066b75ec2ed4c8f74c93a43a94f330354d4330ae9ced8cc9a7633e;axt3t3go1glpk;assets/pp_none.png
baouzal64;Boutflika;AOUZAL;L2-MI;B2;boutflika.aouzal@gmail.com;06.64.77.15.36;6, rue de Paris;a5cd16096fbcc052410c597054ac9f14d62094649c0c2a60a59f3c93b0b30d33;p137s2e62pq63;assets/pp_none.png
bbaisadouli54;Benabbou;BAISADOULI;L3-I;C1;benabbou.baisadouli@gmail.com;06.54.43.47.83;6, rue de Paris;333ae1917c05fa85ee5d77eadb12c0da619691aa42d89242d7e9a0dea527d6a3;2zv320wc150qi;assets/pp_none.png
sebolo moukoko50;Silienne;EBOLO MOUKOKO;LP RS;D3;silienne.ebolo moukoko@gmail.com;06.50.79.96.54;6, rue de Paris;ab705fba5b4c226fa685f257d5863accaffb56eb50f8ed10b4fa0c2be965b83b;4h140dz98b94r;assets/pp_none.png
fde souza pereira98;Fianemotta;DE SOUZA PEREIRA;L1-MIPI;A3;fianemotta.de souza pereira@gmail.com;06.98.67.55.97;6, rue de Paris;e19ca4a2ce09cbc530baa3f41a962e0b4ebe0a524632897aed8f5be24f64d08b;t448bvmg968kg;assets/pp_none.png
nrojas arenas73;Nascimo;ROJAS ARENAS;L1-MIPI;A3;nascimo.rojas arenas@gmail.com;06.73.57.85.83;6, rue de Paris;125219131d168ebadfd67064a7c90ebe4955387f1a803f0e0a9333e2f78d1be9;3qi234rem8e91;assets/pp_none.png
erenodeau42;Exact;RENODEAU;LPI-RIWS;E3;exact.renodeau@gmail.com;06.42.22.71.41;6, rue de Paris;8e503ed1a2efa991e502d589c98c557f9676e4a51072949e9128126a93792ac1;7znur4c4z504r;assets/pp_none.png
rfeuchet40;Ruta;FEUCHET;LP RS;D1;ruta.feuchet@gmail.com;06.40.53.66.75;6, rue de Paris;0a9a40edc8510cfd86fac252166c722a7159f1c1d2fb4949212a93b599b358c4;8c2qae9p9j01j;assets/pp_none.png
rlopes tenreiro20;Ratti;LOPES TENREIRO;L3-I;C2;ratti.lopes tenreiro@gmail.com;06.20.80.75.53;6, rue de Paris;993ffa11ed087fbb986e7a23f613679ab51dfdf8ece21f8eb1e72dc19d0a95e9;8w70ghp69p716;assets/pp_none.png
ibizzari68;Issiakha;BIZZARI;LPI-RIWS;E1;issiakha.bizzari@gmail.com;06.68.46.17.76;6, rue de Paris;04ae48e54fd9dc35b1eeeb335cae981e8f7d7494f44aa48e2c152cb1424470ea;0pre0397glu08;assets/pp_none.png
dmemorin44;Dobreva;MEMORIN;L3-I;C1;dobreva.memorin@gmail.com;06.44.39.12.10;6, rue de Paris;b8376cbb12c9ba2adb5e2acc59915636b1d619878341d512ca4877cd1ca0e390;9w36ymqqmpesw;assets/pp_none.png
equaresma dinis70;Eihadji;QUARESMA DINIS;LPI-RIWS;E2;eihadji.quaresma dinis@gmail.com;06.70.45.43.17;6, rue de Paris;ab0c29ed5aa5e49e83d8fc5e5bf9720f4cc2b073f653a6aa4aef6cab94a36510;af4p38h800g80;assets/pp_none.png
gguinet baudin84;Gustavio;GUINET BAUDIN;L1-MIPI;A3;gustavio.guinet baudin@gmail.com;06.84.83.30.35;6, rue de Paris;bbacfcb9e1853d7dfd89c34aa1f182fa4639dbec69a886d2edc9734709860a1c;2b79vn21jf225;assets/pp_none.png
byoutcheva62;Baak;YOUTCHEVA;L3-I;C3;baak.youtcheva@gmail.com;06.62.86.50.52;6, rue de Paris;4a19bdf4f43e2869af16f0ea55bb24fecd559cd846ca67b1baeeb60b0cb21973;w0ct74b408wu0;assets/pp_none.png
saidelli73;Symphrose;AIDELLI;L3-I;C3;symphrose.aidelli@gmail.com;06.73.49.86.97;6, rue de Paris;4187669e2604d8283e2d4457cff4569d5c551c921d1e7c8ae969746cc50172ec;ad2fqp65vni01;assets/pp_none.png
iokebi42;Irhan;OKEBI;LP RS;D1;irhan.okebi@gmail.com;06.42.92.21.59;6, rue de Paris;79894136cccef3796d07640553c8ce4beefa9a5eb9a18f9dc22691b9c4cca25e;vs844udz3bh88;assets/pp_none.png
mbobovlo44;Meneem;BOBOVLO;LPI-RIWS;E2;meneem.bobovlo@gmail.com;06.44.14.66.46;6, rue de Paris;23334cede8cf5343d8705b75e19c4d2f749cf971a079dd5b62c7c8ea30c35876;773l702acs89c;assets/pp_none.png
kvandelanoite13;Kerversau;VANDELANOITE;LPI-RIWS;E3;kerversau.vandelanoite@gmail.com;06.13.60.23.83;6, rue de Paris;ae5b735755574a7799823173b44303fe7ec0ed61c9969de1b4851b8848fa1d97;0fyk8abbhqg7g;assets/pp_none.png
tlauth10;Theobalde;LAUTH;L1-MIPI;A1;theobalde.lauth@gmail.com;06.10.77.47.26;6, rue de Paris;38b298f38f9ea83648a3f6f4aee48a26594768b8a3ebff1ded4269f8df25b22e;2vt371c1tm8n1;assets/pp_none.png
rimarighan89;Ronterrence;IMARIGHAN;LPI-RIWS;E2;ronterrence.imarighan@gmail.com;06.89.43.19.47;6, rue de Paris;6ddefd48dc978166efb8e66d0a1ca40821a15a3f8b002d52486cc03dc1793a7d;p3749nfwik44m;assets/pp_none.png
nn'gadi18;Nacimiento;N'GADI;L1-MIPI;A2;nacimiento.n'gadi@gmail.com;06.18.73.66.21;6, rue de Paris;cefa371cf74ed94b66620bbbc4af51173e7630960553da0c4738ab53762e2e18;gby6296aqz46x;assets/pp_none.png
fpiery76;Fredrick;PIERY;LPI-RIWS;E1;fredrick.piery@gmail.com;06.76.42.91.61;6, rue de Paris;d3f2cfabdbe7acd65f4df26f2f771cb3be4cb4e87cbf9eaf5ec0892362ba7870;ctg6zp0j4l3hz;assets/pp_none.png
ssylvestre rey65;Soleyne;SYLVESTRE REY;L1-MIPI;A2;soleyne.sylvestre rey@gmail.com;06.65.69.31.15;6, rue de Paris;a83ed882188b0fc535325dc6cdce93ffb5b25b7b1923922d36e1712c3d613764;388b85c5gn2gm;assets/pp_none.png
dbritchit43;Debout;BRITCHIT;L2-MI;B3;debout.britchit@gmail.com;06.43.75.48.71;6, rue de Paris;a1841beaef59bf8b30ab41c46458e8306a26223edeb6d087ba525ebecf0e5c82;cnvp51bj801c7;assets/pp_none.png
nadoglo90;Nadhar;ADOGLO;L1-MIPI;A3;nadhar.adoglo@gmail.com;06.90.65.70.28;6, rue de Paris;771b4cdc65776a2e4f5587982da85c6a5f856567dc721df64b99add245d2bb94;e8wizbi328mh3;assets/pp_none.png
kmihalcescu73;Klebertin;MIHALCESCU;LP RS;D3;klebertin.mihalcescu@gmail.com;06.73.88.90.90;6, rue de Paris;d45f9a09c380046211518d9e35b0e4dace31137dd31d47561fbfa8693b7383d4;1ar7l8nwn7del;assets/pp_none.png
etran van ba70;Esperence;TRAN VAN BA;L3-I;C1;esperence.tran van ba@gmail.com;06.70.48.49.53;6, rue de Paris;dddbfeae694109a35c8c069ff7d3aeca1e3bd30b9cd1ba02a48dadc3bb2e402e;25bvp3eo89d86;assets/pp_none.png
sbou chaaya37;Suku;BOU CHAAYA;LP RS;D1;suku.bou chaaya@gmail.com;06.37.44.97.48;6, rue de Paris;58497392b1d738a054cf29c8d01c88bd6b451153b593e2fe15eadec23cb5aa2f;4i8jw0m5e667y;assets/pp_none.png
tromviel53;Tokunboh;ROMVIEL;L3-I;C3;tokunboh.romviel@gmail.com;06.53.57.29.16;6, rue de Paris;07637e1a37ef70fa6169605a94f0dc7d6f07020a419b81626c79650d1025d762;mn9edvp965o8y;assets/pp_none.png
mveuchey38;Mazhatuihao;VEUCHEY;L2-MI;B3;mazhatuihao.veuchey@gmail.com;06.38.80.83.29;6, rue de Paris;ed2152a57a97f3e8ac829425966afc7d667f79418cb7686b3195f6f211130721;6852031z2xxe8;assets/pp_none.png
tlazo del risco78;Tharek;LAZO DEL RISCO;LP RS;D1;tharek.lazo del risco@gmail.com;06.78.66.33.79;6, rue de Paris;90a8d74de871ff9101dd3924bc11b004c77098fb53061b7e5cd61b738e76dd69;t2909jqk8qzgr;assets/pp_none.png
rvafiadis62;Rasy;VAFIADIS;L1-MIPI;A2;rasy.vafiadis@gmail.com;06.62.93.24.17;6, rue de Paris;805dfe87c1e0104695052f1f444005b29ec52ec2721fdd82f23a68f5f97ec265;i1ait72g29w5a;assets/pp_none.png
jsarullo17;Jasprit;SARULLO;L1-MIPI;A3;jasprit.sarullo@gmail.com;06.17.31.21.93;6, rue de Paris;11e9d7d195c17afca25cdc403c77a428d54fd8b056dedadb3610f83caa24c605;on715d459kgz2;assets/pp_none.png
nfolschweiler65;Norhen;FOLSCHWEILER;L1-MIPI;A3;norhen.folschweiler@gmail.com;06.65.40.69.31;6, rue de Paris;9e20b964acd82d8ba2d23a905bfc3263a806d1026ef48f4d66a12e5c5c34aa12;7e311d8ll20mw;assets/pp_none.png
yrondelet94;Ysaure;RONDELET;L3-I;C3;ysaure.rondelet@gmail.com;06.94.99.46.81;6, rue de Paris;f0e343ef164899027f8ebcde6cc55ac294a6728d7ceb7ecaebaac91fb53ca9ae;7hoz85xdmsyq1;assets/pp_none.png
kjonlet29;Kirsen;JONLET;L1-MIPI;A3;kirsen.jonlet@gmail.com;06.29.36.31.33;6, rue de Paris;efab0d3601596a4c8d146806a42d1cec0eac4187c0485b2dc053fe0da17967c8;6jg45yj4w1hzp;assets/pp_none.png
vioninko69;Vialaret;IONINKO;LP RS;D2;vialaret.ioninko@gmail.com;06.69.48.36.72;6, rue de Paris;390fa03440c1976a1c019db4870170ab1d7849db15f48e2d8ca1b93dac569c99;53ot761izp2w1;assets/pp_none.png
mfighera27;Manolya;FIGHERA;LPI-RIWS;E3;manolya.fighera@gmail.com;06.27.37.25.66;6, rue de Paris;611e68afd0fe52e0a4887e8554e5f49f343b68763500db87b3f7b3e7fdc63ff5;x1a5c2f977ic0;assets/pp_none.png
mvenezi68;Moued;VENEZI;L1-MIPI;A1;moued.venezi@gmail.com;06.68.31.20.93;6, rue de Paris;c7b846229c31f390bb90612673606b8ea76c0f1f5ed8f6227c5c6eddb4ea4126;joyzcz6g07v2k;assets/pp_none.png
msantos nogueira52;Mazid;SANTOS NOGUEIRA;LP RS;D1;mazid.santos nogueira@gmail.com;06.52.15.18.84;6, rue de Paris;34b4c96ac8e641f725aeaaca41b7e3d261addbf4e8d46d174af427b1e7ee8a78;729ll55j2293a;assets/pp_none.png
pasnaz18;Pigeonneau;ASNAZ;L1-MIPI;A2;pigeonneau.asnaz@gmail.com;06.18.82.69.94;6, rue de Paris;2f79f1886995da19250092b8bcaab4b11bd8551109476158fc0bae1aca906987;ddxhn2hqu0phg;assets/pp_none.png
nplanchonchristian34;Narkhwan;PLANCHONCHRISTIAN;L2-MI;B3;narkhwan.planchonchristian@gmail.com;06.34.38.17.93;6, rue de Paris;9971fea68ac214c2120dafb91904cbada21b7bf771f3119eafbcba8586988a54;e18nw4606337q;assets/pp_none.png
ade amici72;Apussinun;DE AMICI;L1-MIPI;A3;apussinun.de amici@gmail.com;06.72.36.18.27;6, rue de Paris;54e0d35d658dd679d61b4652079d7a5ef9a6593647e987c54ca830dd9e55f9bc;x53cvmnjv8iji;assets/pp_none.png
tsauger78;Tullio;SAUGER;LPI-RIWS;E1;tullio.sauger@gmail.com;06.78.76.13.88;6, rue de Paris;42dcb319885b7803799f7676a278a07d4ff6a7e372d41b08af3ce5d33aa7b7f7;c3u6a30qsmvf8;assets/pp_none.png
swolfstirn93;Sauvannet;WOLFSTIRN;L3-I;C1;sauvannet.wolfstirn@gmail.com;06.93.77.10.62;6, rue de Paris;26c983ee557257a3a0783aa78d3acfae979f1041dec28e3f2739b1604788915c;m4l914u7bhcpk;assets/pp_none.png
machik el fen42;Magarete;ACHIK EL FEN;LP RS;D1;magarete.achik el fen@gmail.com;06.42.88.23.49;6, rue de Paris;0a407901090ebeb7dee3123e14103dced2cf0eccf18b373ec56617b28ba55d5d;7303d2ln61a71;assets/pp_none.png
akouar54;Abdessattar;KOUAR;L1-MIPI;A1;abdessattar.kouar@gmail.com;06.54.52.17.57;6, rue de Paris;3cfe0ca1d545e0f819a9269d5e3282ae5f2c48c682695227d78805747ea4f201;5nr672l0bm7n8;assets/pp_none.png
rdilsot10;Ravelonirina;DILSOT;LP RS;D1;ravelonirina.dilsot@gmail.com;06.10.83.31.53;6, rue de Paris;b4d6c80ee6615c66585d4dcd9b6ee5116413c8ac8a3bea026df3894fb902cfa7;o3z4y382d6x01;assets/pp_none.png
bbouaru66;Bouze;BOUARU;L3-I;C3;bouze.bouaru@gmail.com;06.66.15.91.34;6, rue de Paris;90eddc4c76387c2980811c9c61c3362747d5c81af0f78bacc4d0556e3979e9db;1c3114bl890mt;assets/pp_none.png
ezupetic73;Eveillard;ZUPETIC;LPI-RIWS;E2;eveillard.zupetic@gmail.com;06.73.48.66.39;6, rue de Paris;a6cff74cfc223a2a238fae814e3b105b695aa94b95015b42167486db246993f6;0eq5201yn92a1;assets/pp_none.png
tprufer66;Tropee;PRUFER;LP RS;D1;tropee.prufer@gmail.com;06.66.20.61.32;6, rue de Paris;4ea4da50425ba7721e664f3d04089f3f61c1c9c18412df3726efc1accd719be6;m8571awm4g137;assets/pp_none.png
ostanisiere16;Obiol;STANISIERE;L2-MI;B3;obiol.stanisiere@gmail.com;06.16.60.84.37;6, rue de Paris;4b8632615cc075637fe2de8f931558dbfab935a1a6547db0df7f306b51d0d433;0s9l158i9x9ug;assets/pp_none.png
cpanarisi17;Civile;PANARISI;L1-MIPI;A3;civile.panarisi@gmail.com;06.17.77.26.62;6, rue de Paris;7ce4a3b81e7fdaac195c43dc8f358f9e6ab12431a9bc3a800ac40f8108fd5a81;jh178xt0ruk74;assets/pp_none.png
ssuao jimenez33;Siguranta;SUAO JIMENEZ;LP RS;D1;siguranta.suao jimenez@gmail.com;06.33.62.14.73;6, rue de Paris;2dbdfeb9a3c667504cf143d562fd7f30bd11f229723b96eabd770ff131959d71;8yzy6577e296h;assets/pp_none.png
shedl84;Sarim;HEDL;L3-I;C1;sarim.hedl@gmail.com;06.84.28.69.32;6, rue de Paris;c0b05b3d89e123b0df7c490deae1416a3b06fa2c116302dfa088585c2f69b3dd;kb3gl1p7ed36n;assets/pp_none.png
vravonjiarivelo72;Vantuir;RAVONJIARIVELO;L1-MIPI;A1;vantuir.ravonjiarivelo@gmail.com;06.72.79.63.24;6, rue de Paris;e26d8ec9dc88a94e0fd25d4522d2a6ff8429f3519078d6914af3d7af6fc81d45;x85a08h1s7m67;assets/pp_none.png
dgirotvergne44;Dakpoh;GIROTVERGNE;LP RS;D3;dakpoh.girotvergne@gmail.com;06.44.35.26.86;6, rue de Paris;f7ac0208f95cd5b60b80f6690695d1057df38f91828bd1eac4b95e016dfbc554;au217imiwviko;assets/pp_none.png
wbrevia89;Windsor;BREVIA;L3-I;C2;windsor.brevia@gmail.com;06.89.95.37.76;6, rue de Paris;d85bc72cc78d1692f2e6350bcc300c970b62e8741d66d508cf4b942ed8c10d96;96mrs5620ak1o;assets/pp_none.png
afowles32;Appolonio;FOWLES;LPI-RIWS;E3;appolonio.fowles@gmail.com;06.32.37.15.61;6, rue de Paris;10e52b63e6af54299613d9029725a1090c531302b8a817a5622876bc15dccd4d;526ems7qu4a3k;assets/pp_none.png
omuscat16;Odine;MUSCAT;LP RS;D2;odine.muscat@gmail.com;06.16.40.93.57;6, rue de Paris;4529fddec6ba8902f21a815c683f2dc37e19c6bfeddc9e36f4d0a6ee59211d2f;qj93a19ayg356;assets/pp_none.png
nbouchillon49;Nobou;BOUCHILLON;L3-I;C2;nobou.bouchillon@gmail.com;06.49.94.13.70;6, rue de Paris;763c871891194ef893d9ca6c4741eb94190bd24e3dbdfeb6ae6e7e3c8dddddb6;t4987mcw0zub6;assets/pp_none.png
tbenyala30;Thesingarajah;BENYALA;L1-MIPI;A2;thesingarajah.benyala@gmail.com;06.30.76.67.62;6, rue de Paris;308c9eae10bbf412324417d96c1853d4e07ddac4fc4b7c3d9a3265c1e8a7a125;1455hbi3v15s0;assets/pp_none.png
nstawkowy32;Nahawand;STAWKOWY;L1-MIPI;A3;nahawand.stawkowy@gmail.com;06.32.10.53.25;6, rue de Paris;b65d10bb8809514baeca45b151be6d8ba3541d0861c88ebe6c4dfc60ead4c1e8;nj9kon660p3b1;assets/pp_none.png
czaharievski88;Chaidatou;ZAHARIEVSKI;LP RS;D1;chaidatou.zaharievski@gmail.com;06.88.20.59.74;6, rue de Paris;21d07d58f2733c8e125328a0774e20833a63318d2e62a3bfcfad0618e3ae32d0;zdd727z2c1k3b;assets/pp_none.png
vroux serret37;Vazotiana;ROUX SERRET;LP RS;D2;vazotiana.roux serret@gmail.com;06.37.22.38.62;6, rue de Paris;c474d0d5eca7927f74f94a068aa0dfe679e468357fcda435d5e62f5db6e7b3f5;rd46w8z465281;assets/pp_none.png
bbelkdif55;Bethlehem;BELKDIF;LPI-RIWS;E2;bethlehem.belkdif@gmail.com;06.55.40.64.42;6, rue de Paris;5c1ca6b07edb60568908d213e614ce15814ee26aa27ab6074e4331e4248ef5ff;9d37g693917i2;assets/pp_none.png
tnavaranjan21;Toplica;NAVARANJAN;L1-MIPI;A2;toplica.navaranjan@gmail.com;06.21.45.51.91;6, rue de Paris;62a032e608788a2d9be740db7b5314d9ef52bb16d496901e1e00f1e60809e9cd;x314129a57jsg;assets/pp_none.png
ykhopta46;Yurdugol;KHOPTA;LP RS;D1;yurdugol.khopta@gmail.com;06.46.33.25.40;6, rue de Paris;1bf7c832cab74fd5ae025b6e8612bd50d0465444faf808f579bcb030c3b92e93;nr7wwcl3w14bz;assets/pp_none.png
kdriffort29;Kateel;DRIFFORT;L2-MI;B3;kateel.driffort@gmail.com;06.29.65.43.27;6, rue de Paris;265bd06b96c31b28999c598fa80c38e8deb148efe8b51817cef9687fbabc9560;h25e7tk36ax2i;assets/pp_none.png
pvillacroux63;Phanonn;VILLACROUX;L1-MIPI;A2;phanonn.villacroux@gmail.com;06.63.64.83.72;6, rue de Paris;7fb97d600e6bfc97af1ec815460be42b655f883e31bb9c350f09f2abb5ad8bbf;sdf57576688vx;assets/pp_none.png
krammane30;Khalida;RAMMANE;L2-MI;B2;khalida.rammane@gmail.com;06.30.60.29.85;6, rue de Paris;6d855afed4e5e555b51685333b4bcbd4f181f2d9ada1a55cdf4f781368c2f0f4;65mpfv5u76w3e;assets/pp_none.png
alassalamonie89;Azam;LASSALAMONIE;L3-I;C2;azam.lassalamonie@gmail.com;06.89.82.84.77;6, rue de Paris;e3f81ed178134945343f98d4ca3dd55a01de30148cf5d2a82ee38d8fbeb24991;v6932t675z42a;assets/pp_none.png
gzennoun26;Gephain;ZENNOUN;L2-MI;B2;gephain.zennoun@gmail.com;06.26.73.14.71;6, rue de Paris;209edf79e1e8e39994251270149ceee145864ffc2a456b92f9ad9c2e28d070fe;9brg6oh8i4brz;assets/pp_none.png
aprendes45;Aabouch;PRENDES;LPI-RIWS;E1;aabouch.prendes@gmail.com;06.45.53.46.63;6, rue de Paris;0d255429212868e995b0bde4142eb163b6d5b9c1b7642d40fe3fd60e07cf7b09;66h99500v8j94;assets/pp_none.png
babadlah12;Breugnot;ABADLAH;L1-MIPI;A2;breugnot.abadlah@gmail.com;06.12.18.32.11;6, rue de Paris;a1a9a5cc474434ca10c6854d796978865da193f3b23395335dd3af72c7bbca68;2yh52x8bs4rmb;assets/pp_none.png
tmoukalisse12;Tenessie;MOUKALISSE;L2-MI;B3;tenessie.moukalisse@gmail.com;06.12.88.74.67;6, rue de Paris;83fd0753b525d06ef30d4a2ef6bc917bf2fd9b502184c29cf2540ac03292ecc2;6ww29714emj19;assets/pp_none.png
mvan de wyngaert68;Makato;VAN DE WYNGAERT;L3-I;C3;makato.van de wyngaert@gmail.com;06.68.44.55.96;6, rue de Paris;cc8d4f10681b4cde731fdeddcc6cf764ef28e0953022f708ad109775514345f0;2n9c4r59y04r5;assets/pp_none.png
efernagu26;Essolisam;FERNAGU;LP RS;D1;essolisam.fernagu@gmail.com;06.26.91.83.68;6, rue de Paris;527adb297d8150daafed6fe3057130f7d75a52727f36829137518c639da2738b;890l63p3vbwyv;assets/pp_none.png
klaffont flandry26;Kha;LAFFONT FLANDRY;LPI-RIWS;E3;kha.laffont flandry@gmail.com;06.26.69.61.62;6, rue de Paris;d77865234a4172dd7311839599d880990b28abd91dc2065f5259c4072760957e;fez74627915jl;assets/pp_none.png
tlagabarre bastarroi33;Tiguidanke;LAGABARRE BASTARROI;LP RS;D1;tiguidanke.lagabarre bastarroi@gmail.com;06.33.91.68.90;6, rue de Paris;7c7915347429c0a8cfd605f9df5808aef7f0d13ae77a8e2c1fda904c6303e122;t3mft1ik07o1s;assets/pp_none.png
smiyashita39;Soubaya;MIYASHITA;L1-MIPI;A3;soubaya.miyashita@gmail.com;06.39.38.95.36;6, rue de Paris;1a7624f293783ab9c9dc76749e09ac66394dd2d7f3cf86f9876fa4b295cc47b8;yut4f5osf66j7;assets/pp_none.png
hya kou21;Hassau;YA KOU;LPI-RIWS;E1;hassau.ya kou@gmail.com;06.21.52.91.50;6, rue de Paris;2d94c656e4f6290531f9c6daaec58de5d902cfa49714fa0f12d5f65250488dbe;o4aowejcv2c29;assets/pp_none.png
stychsem43;Siargei;TYCHSEM;L3-I;C1;siargei.tychsem@gmail.com;06.43.88.89.81;6, rue de Paris;2459c9f3fe415e5c2fce1d6dc54a34b1484d8e75a37aa5551b1cbcda3325ccf9;jzk8je17z9j54;assets/pp_none.png
hbatala59;Holivahiny;BATALA;L3-I;C3;holivahiny.batala@gmail.com;06.59.28.76.35;6, rue de Paris;41f2fe0f110ff2cc21dea606d41fc025622e5b96fb2005a7d50217b8ed287ccb;r4dre09z3fey4;assets/pp_none.png
asaarela28;Arphonsine;SAARELA;L3-I;C2;arphonsine.saarela@gmail.com;06.28.78.70.59;6, rue de Paris;505035d3fc4e6336eef32b2d8303ac200cd1763249cd4e569771c956b41e37f1;tce177q4lv16e;assets/pp_none.png
srosovsky43;Sajeda;ROSOVSKY;L1-MIPI;A2;sajeda.rosovsky@gmail.com;06.43.64.34.67;6, rue de Paris;2a3c51ed5aaf0419792f5add40f3853af07aa6470491800ef699200e42f6f9e6;04n38y01i00g1;assets/pp_none.png
aocternaud85;Anguelina;OCTERNAUD;L2-MI;B1;anguelina.octernaud@gmail.com;06.85.90.18.97;6, rue de Paris;fa6a753b1a29916a2f9fb860caff2cf9b8b66c76de3330377bbf78a30c9a694d;7onu5cx017zzp;assets/pp_none.png
jekambi kingue46;Jackies;EKAMBI KINGUE;LPI-RIWS;E1;jackies.ekambi kingue@gmail.com;06.46.38.34.58;6, rue de Paris;baa3f7c8ed822baec3f0919a658475cb53a6a4b04c25b456cff2fc4133210be9;yaj20e2nr2yiz;assets/pp_none.png
ocharpentier gabriel60;Ouzami;CHARPENTIER GABRIEL;L2-MI;B3;ouzami.charpentier gabriel@gmail.com;06.60.76.27.43;6, rue de Paris;c1347c9cae4bd24f9bc0ba1be6dce9c4c397e96109e2e49146cdbc0837458b6f;4kpgt70o734d9;assets/pp_none.png
kibramovic36;Karip;IBRAMOVIC;L1-MIPI;A3;karip.ibramovic@gmail.com;06.36.47.54.62;6, rue de Paris;1eefcb895e8688c3c6fce4281d54f9bd23e5a02d583b1da970f80b9ab7c98251;70qi45com5hc3;assets/pp_none.png
wincollinco54;Wilchermine;INCOLLINCO;L3-I;C2;wilchermine.incollinco@gmail.com;06.54.48.43.14;6, rue de Paris;3121280d09b1268a3a2d22d17b0f39944a191a355d78dced2e192c41278e0b93;76z9c5jj65mpo;assets/pp_none.png
sgede19;Saoussane;GEDE;L2-MI;B3;saoussane.gede@gmail.com;06.19.93.23.84;6, rue de Paris;e40b20135adabd7cac611097a6918b4dfadee98447b3827e59b22aa6da8bc853;f3s3wh8bt4sxi;assets/pp_none.png
nvan orton74;Nathaliecharline;VAN ORTON;L2-MI;B3;nathaliecharline.van orton@gmail.com;06.74.76.86.73;6, rue de Paris;3a6db724d0e9828870339d0a8c31c47cff4750fb2f203cbfe2cf313c21118d7b;mi6ue42p952i3;assets/pp_none.png
hdurvier14;Hamoune;DURVIER;LP RS;D2;hamoune.durvier@gmail.com;06.14.58.60.83;6, rue de Paris;5ceea23af7e64fc4fc103a922b05f1f5c81233cde08058f93e0cf32fe517e79e;19kn2723kujwg;assets/pp_none.png
camasha96;Christous;AMASHA;LPI-RIWS;E3;christous.amasha@gmail.com;06.96.68.14.43;6, rue de Paris;fcecf4ba57bd58e1abc3747922f0d887488c2dbc41fd0f3040160b057ee00d82;8qob02p043sq4;assets/pp_none.png
pkaegy90;Peslier;KAEGY;L2-MI;B1;peslier.kaegy@gmail.com;06.90.87.61.70;6, rue de Paris;931aaa85c1590e6d69ded62ddec40d3adc4e8c95d573614fa950f4420478a516;6pwh7t33u6618;assets/pp_none.png
hel hala71;Hrahat;EL HALA;L3-I;C3;hrahat.el hala@gmail.com;06.71.71.81.94;6, rue de Paris;378a1614f53380ec285331d7047302696a7a3e4099e06a6505c02d74a357f1e5;3gp323s351980;assets/pp_none.png
lromilus41;Lascombes;ROMILUS;L2-MI;B3;lascombes.romilus@gmail.com;06.41.71.10.74;6, rue de Paris;c897eb8c1675865b7348b13c0c9a9eb53723fd1e7d4a8ca1cb47ff75f8cc4929;hv41p04899f8r;assets/pp_none.png
dclausen56;Desplat;CLAUSEN;L3-I;C2;desplat.clausen@gmail.com;06.56.43.46.65;6, rue de Paris;46ed40eea2bea356ef85c5fbd06861d0b854d1bd6640f5234c56c19433ef55f0;36cgl3bq30g13;assets/pp_none.png
pberrhoun33;Perbet;BERRHOUN;LP RS;D2;perbet.berrhoun@gmail.com;06.33.25.77.96;6, rue de Paris;7ab14301ccdc422bc53b7476010a2fbcb267456e8e22474ea109b01b73f29e4f;x83aacn0995w6;assets/pp_none.png
hdelini95;Hifsi;DELINI;LPI-RIWS;E3;hifsi.delini@gmail.com;06.95.27.76.73;6, rue de Paris;beb32eee355f95bfe40ecc065261767e0678d279aa0dd43c150cbee5838df1b2;5xt2vsxe39u0d;assets/pp_none.png
abouhyd47;Ahdil;BOUHYD;LP RS;D2;ahdil.bouhyd@gmail.com;06.47.12.40.36;6, rue de Paris;15f34a5b6990b8cf36fe0fa4c627aef2703e1902a229a02e19e17a6f2f8836b3;p957a92g3w4fs;assets/pp_none.png
mgamracy12;Mokless;GAMRACY;LP RS;D3;mokless.gamracy@gmail.com;06.12.60.66.54;6, rue de Paris;ff9f41772f20d613277a0fd895c6cb01c80d43fb338e6628cbeffde5e636de1f;i7342d811433f;assets/pp_none.png
fsoulliaert92;Fredolin;SOULLIAERT;LPI-RIWS;E2;fredolin.soulliaert@gmail.com;06.92.61.79.88;6, rue de Paris;a221d815c6c80980298b9c0d85ffb5b5d921bc9725729bebcc599d66fa114252;w76ybqmz6u637;assets/pp_none.png
mschnurr70;Mazim;SCHNURR;L3-I;C2;mazim.schnurr@gmail.com;06.70.84.99.24;6, rue de Paris;03e6d9e9308e87be1a33f69038b99b63e78ab13e46b2a5615106c4bf1bc6035a;ky0s3u21y714j;assets/pp_none.png
abamaias40;Aldabe;BAMAIAS;LP RS;D2;aldabe.bamaias@gmail.com;06.40.18.62.28;6, rue de Paris;386bfd688d1844a89248926806c4e64f7513b3c0ecf665ff7d508589ada79d20;d956wf2n8kd97;assets/pp_none.png
gmassoutie15;Gertsch;MASSOUTIE;LPI-RIWS;E1;gertsch.massoutie@gmail.com;06.15.54.21.12;6, rue de Paris;6479429d1fabd635da71b0616b7d7069a410db14ac8ff3d4fd8569a4dcf013ae;5c5wl1w9gon3r;assets/pp_none.png
fdochtermann84;Francicus;DOCHTERMANN;L2-MI;B2;francicus.dochtermann@gmail.com;06.84.85.35.50;6, rue de Paris;83be576e4c3aa3b6e35f68a1b0711a12955f25f56ad19af0ee0cfc42488032d2;r2dnp87pmj092;assets/pp_none.png
yguyer24;Yahiya;GUYER;L2-MI;B2;yahiya.guyer@gmail.com;06.24.60.87.84;6, rue de Paris;21b5a31e491d0ba7bb4b87518c34bc4fd8873b12c62c5f030f72cea21d5242ac;1l796r84866jq;assets/pp_none.png
pvan boxelaere36;Pouzol;VAN BOXELAERE;L2-MI;B1;pouzol.van boxelaere@gmail.com;06.36.11.99.54;6, rue de Paris;c0ac6ce2c2291fad3f062d41d179bf06f7a6fa85f5f900f61e7e9fd25cbcfd12;izhmuwhv560k1;assets/pp_none.png
hkach39;Hylin;KACH;L1-MIPI;A2;hylin.kach@gmail.com;06.39.90.18.53;6, rue de Paris;34b9888718e9cb7450c3c2a34cbc5a26721a541571b2f47d890ea2b2f479389b;2xwaeb748y453;assets/pp_none.png
jseabra de pinho77;Junille;SEABRA DE PINHO;LP RS;D2;junille.seabra de pinho@gmail.com;06.77.83.71.85;6, rue de Paris;2761f88c2bda1662530b639a1ef2024731b762399d1f25a647e58b870b14dedc;7274fv4a7ivv1;assets/pp_none.png
drocchietti50;Delhias;ROCCHIETTI;LPI-RIWS;E1;delhias.rocchietti@gmail.com;06.50.69.19.43;6, rue de Paris;45fc5c5595ff86359e8c4a51b14e38109d3b5bc4746f12afdd5abd62a1c7e300;yfw1it0et8zid;assets/pp_none.png
mel khamali72;Manishe;EL KHAMALI;LPI-RIWS;E3;manishe.el khamali@gmail.com;06.72.72.59.75;6, rue de Paris;a69f7deaeb220db940b003af066f2d0f7eec71bbaae5ed6949feb181ea55ebd3;6c7amx4ye5455;assets/pp_none.png
oabib amman amir78;Ouameur;ABIB AMMAN AMIR;L1-MIPI;A3;ouameur.abib amman amir@gmail.com;06.78.60.66.56;6, rue de Paris;a545d54c1e91831253b0e456f19dff208df65bd3d4e672450b9441935e11393e;l5v577l5l783s;assets/pp_none.png
memidi14;Marcellyn;EMIDI;LPI-RIWS;E2;marcellyn.emidi@gmail.com;06.14.21.17.38;6, rue de Paris;cd4a22abdcddfbaae22c7d87e2a166e247d05935e3a417aefc07c65ba904920e;4i95iteln61x3;assets/pp_none.png
vshiekhravat92;Vaithilingan;SHIEKHRAVAT;L3-I;C1;vaithilingan.shiekhravat@gmail.com;06.92.22.33.86;6, rue de Paris;ab7a692e66dcdd428326954f77fa84db671fcf87d8ddcb7730131b586225549f;82u306yw1070j;assets/pp_none.png
setchatz72;Souaibou;ETCHATZ;LP RS;D2;souaibou.etchatz@gmail.com;06.72.89.99.28;6, rue de Paris;e98707bb9fd1d871b295f5d6763711812bf7494be7ea21c835b53d2b5ffde9c8;x17ahzl6kiw1s;assets/pp_none.png
ndimopoulou11;Nopphadol;DIMOPOULOU;LP RS;D3;nopphadol.dimopoulou@gmail.com;06.11.87.57.69;6, rue de Paris;c92d1feae369a7c8f9e984363f10f2dcaeaf289fc64730f9895d2a833eee8947;9059a35j40la3;assets/pp_none.png
aaldaz13;Abdulghani;ALDAZ;L1-MIPI;A1;abdulghani.aldaz@gmail.com;06.13.87.39.89;6, rue de Paris;e8582e4a77034092145b8eb07b7aa71cde11c85f6f10335dd722682fb5b0b4b3;825tl7j311c70;assets/pp_none.png
glombe palle96;Ganbaatar;LOMBE PALLE;L3-I;C1;ganbaatar.lombe palle@gmail.com;06.96.11.41.71;6, rue de Paris;6ea2e88455bbe15c6f1bfa3f3591b45dff6d52318793f75b67bb2a20553beaa1;lnn365w3v6d95;assets/pp_none.png
cmesbani75;Cristellina;MESBANI;LPI-RIWS;E2;cristellina.mesbani@gmail.com;06.75.44.90.79;6, rue de Paris;4d380c450d9ceee424db73f9bf8a3b53805d0ae0cdb86010de7b1e1da09d201f;6yldz5yr6o8bh;assets/pp_none.png
jtomasinski18;Jaykesen;TOMASINSKI;LP RS;D3;jaykesen.tomasinski@gmail.com;06.18.36.50.14;6, rue de Paris;1c647e9a135cedfb2ca5df3e59d9d0ec2e4469bd73eea56d65cb128908a18b39;8ru0d4cu63m7w;assets/pp_none.png
mnusswitz68;Mawumba;NUSSWITZ;LP RS;D1;mawumba.nusswitz@gmail.com;06.68.22.39.73;6, rue de Paris;e737b05162e86e2428ca83e335f9db5211b2bbdbc5d6bfdf6c9e134b621e1409;09ago5pk69537;assets/pp_none.png
bezzouhouri45;Briet;EZZOUHOURI;L1-MIPI;A1;briet.ezzouhouri@gmail.com;06.45.52.24.48;6, rue de Paris;1436f4f2184d4b44798f4adf34c51b5d6fd29596824f92b6d03361e4b06dd4d1;i76jc54w5684a;assets/pp_none.png
vbeyret powell93;Verdanne;BEYRET POWELL;L2-MI;B1;verdanne.beyret powell@gmail.com;06.93.93.42.48;6, rue de Paris;1bd92281abf9bb07f726e2445bfd47e174cdc63e520b3a19e72629c23d83c0f3;k9o7vo1idl0l8;assets/pp_none.png
opierre doublet50;Oldemar;PIERRE DOUBLET;L2-MI;B1;oldemar.pierre doublet@gmail.com;06.50.11.92.88;6, rue de Paris;88f5fd31acbbe3fdb60bd7f32e1dbfe5283f00369cd8f9f043a5b67430c55a39;45szwmsxy40m3;assets/pp_none.png
gjappelle98;Godani;JAPPELLE;L3-I;C2;godani.jappelle@gmail.com;06.98.64.82.87;6, rue de Paris;39f7737e19e5461d1fbe02a2a4b121c072f18e0f2306dcdfa105ae27785f5c24;a7u6t09q92dmo;assets/pp_none.png
pait ouarker94;Purifix;AIT OUARKER;L2-MI;B1;purifix.ait ouarker@gmail.com;06.94.14.57.53;6, rue de Paris;a14d90bcaf6933ac66732df57630fb1c57f57e6b74792e78d96777f8f582218f;bgvmxi0gtgopi;assets/pp_none.png
kdevalckeneer76;Kuaku;DEVALCKENEER;L1-MIPI;A2;kuaku.devalckeneer@gmail.com;06.76.50.38.61;6, rue de Paris;4c7af30fb268215717e1371adcc1a2b643f8134be723409a0c425b7f4f6c458d;n68dm513q4r0j;assets/pp_none.png
sgenestou80;Solea;GENESTOU;L1-MIPI;A1;solea.genestou@gmail.com;06.80.59.31.62;6, rue de Paris;1926e290c9a15d2d1d11bfdbaf6327b607e8836a3b39b52cf476c57363108321;z3xi932i14t12;assets/pp_none.png
nfeugeas47;Nissoiti;FEUGEAS;L1-MIPI;A3;nissoiti.feugeas@gmail.com;06.47.83.28.37;6, rue de Paris;b85530870547f1ae23584e23c45a418121d30f6d020db5f36ce0c5c5ea1579cb;s03np4k545t0l;assets/pp_none.png
htorbati fard11;Hennia;TORBATI FARD;L2-MI;B1;hennia.torbati fard@gmail.com;06.11.64.19.40;6, rue de Paris;823bf38a8884df369e60d917f28396b16e8a7ba26124dd2ff3d9fa9a0f7cdce5;2g0ry46ah49ho;assets/pp_none.png
wchilte10;Wolowieck;CHILTE;L2-MI;B2;wolowieck.chilte@gmail.com;06.10.92.93.98;6, rue de Paris;76cc913be37bdeccee7ea59b295ac5cdd9010f2a7d5f023eeb9d9137caecfda7;z954zp06s58c5;assets/pp_none.png
